id,library_key,library_version,type,title,prompt,intensity,tension,sensations,unexpected,target_sex,timer_seconds,active,scene_steps,persistent_rules
786,v1_0001,v1,truth,La proposition jamais faite,Quelle proposition sexuelle as-tu préparée mentalement sans jamais la formuler à {{partner}} ?,1,3,1,3,null,null,true,[],[]
787,v1_0002,v1,truth,Changer de décor,"Dans quelle pièce de la maison aimerais-tu recevoir une fellation, pratiquer un cunnilingus ou avoir un rapport sexuel ? Choisis une seule possibilité.",1,2,1,2,null,null,true,[],[]
788,v1_0003,v1,truth,Le string,Quel souvenir impliquant un string te revient immédiatement en tête quand tu penses à {{partner}} ?,1,2,1,2,null,null,true,[],[]
789,v1_0004,v1,truth,Le scénario secret,Quel scénario entre adultes as-tu déjà imaginé sans jamais proposer de le jouer ?,1,3,1,3,null,null,true,[],[]
790,v1_0005,v1,truth,Le dernier fantasme,À quel moment as-tu découvert ton fantasme sexuel le plus récent ?,1,3,1,3,null,null,true,[],[]
791,v1_0006,v1,truth,Sous la douche,Quel jeu sexuel aimerais-tu voir commencer spontanément sous la douche ?,1,2,1,2,null,null,true,[],[]
792,v1_0007,v1,truth,Le premier ordre,Quelle consigne précise aimerais-tu recevoir pendant un jeu de domination consenti ?,1,3,1,2,null,null,true,[],[]
793,v1_0008,v1,truth,La première interdiction,Quelle interdiction temporaire renforcerait le plus la tension pendant une partie ?,1,3,1,3,null,null,true,[],[]
794,v1_0009,v1,truth,Le regard,Qu'aimerais-tu que {{partner}} puisse observer de toi pendant vos rapports sexuels ?,1,2,1,2,null,null,true,[],[]
795,v1_0010,v1,truth,Le miroir,Quel moment aimerais-tu regarder ensemble dans le miroir de votre chambre ?,1,2,1,2,null,null,true,[],[]
796,v1_0011,v1,truth,La fellation,Dans quelles circonstances une fellation te paraît-elle particulièrement excitante ?,1,3,1,2,null,null,true,[],[]
797,v1_0012,v1,truth,Le cunnilingus,Qu'est-ce qui rendrait un cunnilingus plus intéressant dans un scénario inhabituel ?,1,3,1,2,null,null,true,[],[]
798,v1_0013,v1,truth,Le rapport sexuel,Quelle pièce de votre maison changerait le plus l'ambiance d'un rapport sexuel ?,1,2,1,2,null,null,true,[],[]
799,v1_0014,v1,truth,Le vibromasseur,Quelle fonction de votre vibromasseur aimerais-tu explorer davantage ?,1,2,1,2,null,null,true,[],[]
800,v1_0015,v1,truth,Le stimulateur,Quel changement de lieu ou de contexte rendrait votre stimulateur clitoridien plus intéressant ?,1,2,1,3,null,null,true,[],[]
801,v1_0016,v1,truth,Le gode,Qu'est-ce qui t'intrigue encore dans les possibilités de votre gode ?,1,2,1,2,null,null,true,[],[]
802,v1_0017,v1,truth,Le plug,Quel rôle imagines-tu pour le plug anal dans un scénario à étapes ?,1,3,1,3,null,null,true,[],[]
803,v1_0018,v1,truth,La fleshlight,Comment intégrerais-tu la fleshlight à un jeu comportant des rôles inversés ?,1,3,1,3,null,null,true,[],[]
804,v1_0019,v1,truth,L'œuf vibrant,Dans quelle situation privée aimerais-tu essayer l'œuf vibrant ?,1,3,1,3,null,null,true,[],[]
805,v1_0020,v1,truth,Les menottes,"Dans un jeu avec menottes, préfères-tu imposer le scénario ou découvrir ce qui a été préparé ?",1,3,1,2,null,null,true,[],[]
806,v1_0021,v1,truth,Le contrôle à distance,Qu'aimerais-tu pouvoir décider secrètement avec la télécommande Lovense ?,1,3,1,3,null,null,true,[],[]
807,v1_0022,v1,truth,Ton fantasme de voyeur,Dans quel cadre privé et consenti aimerais-tu observer {{partner}} ?,1,3,1,3,null,null,true,[],[]
808,v1_0023,v1,truth,Être observé,Qu'aimerais-tu montrer volontairement à {{partner}} sans annoncer ton intention ?,1,3,1,2,null,null,true,[],[]
809,v1_0024,v1,truth,La caméra,"Quel scénario privé mériterait une photo souvenir, sans obligation d'en prendre une ?",1,2,1,3,null,null,true,[],[]
810,v1_0025,v1,truth,Le secret vestimentaire,Quelle tenue précise aimerais-tu découvrir sur {{partner}} sans avoir choisi sa préparation ?,1,2,1,2,null,null,true,[],[]
811,v1_0026,v1,truth,Le retour de soirée,Quel vêtement conserverais-tu après une soirée habillée pour prolonger le jeu ?,1,2,1,2,null,null,true,[],[]
812,v1_0027,v1,truth,Sans sous-vêtements,Qu'est-ce qui t'attire dans l'idée d'une tenue portée sans sous-vêtements à la maison ?,1,2,1,3,null,null,true,[],[]
813,v1_0028,v1,truth,Le dressing,Quel vêtement du dressing associes-tu le plus spontanément à un souvenir sexuel ?,1,2,1,2,null,null,true,[],[]
814,v1_0029,v1,truth,La chambre interdite,Quel autre endroit choisirais-tu si PROTOCOL interdisait le lit pour toute une partie ?,1,2,1,3,null,null,true,[],[]
815,v1_0030,v1,truth,Le canapé,Quel souvenir sexuel associes-tu au salon ou au canapé ?,1,2,1,2,null,null,true,[],[]
816,v1_0031,v1,truth,La cuisine,Quel scénario aimerais-tu voir commencer autour de la table de la cuisine ?,1,2,1,3,null,null,true,[],[]
817,v1_0032,v1,truth,Le jacuzzi,Quel jeu de rôle adulte imagines-tu dans le jacuzzi ?,1,2,1,2,null,null,true,[],[]
818,v1_0033,v1,truth,Le balcon privé,Quel élément du décor extérieur privé rendrait une scène différente ?,1,2,1,3,null,null,true,[],[]
819,v1_0034,v1,truth,Le rendez-vous anonyme,Quel personnage adopterais-tu pour séduire {{partner}} comme si vous ne vous connaissiez pas ?,1,2,1,3,null,null,true,[],[]
820,v1_0035,v1,truth,La fausse rencontre,Quel détail révélerais-tu en dernier pendant un jeu de première rencontre ?,1,2,1,3,null,null,true,[],[]
821,v1_0036,v1,truth,L'adultère fictif,"Dans un scénario de liaison fictive, préférerais-tu organiser ou découvrir le rendez-vous clandestin ?",1,3,1,3,null,null,true,[],[]
822,v1_0037,v1,truth,L'hôtel,Quel scénario aimerais-tu jouer dans une chambre d'hôtel imaginaire ?,1,2,1,3,null,null,true,[],[]
823,v1_0038,v1,truth,La prison fictive,"Dans un jeu de domination carcérale entre adultes, quelle position aimerais-tu occuper ?",1,3,1,3,null,null,true,[],[]
824,v1_0039,v1,truth,L'école d'adultes,Quelle dynamique d'autorité fictive trouverais-tu intéressante dans un cours réservé aux adultes ?,1,3,1,3,null,null,true,[],[]
825,v1_0040,v1,truth,Le cabinet médical fictif,Quel personnage jouerais-tu dans un scénario médical imaginaire entre adultes ?,1,3,1,3,null,null,true,[],[]
826,v1_0041,v1,truth,La photographie,Préférerais-tu diriger ou être le modèle d'une séance photo privée suggestive ?,1,2,1,3,null,null,true,[],[]
827,v1_0042,v1,truth,La scène du miroir,Qu'aimerais-tu que {{partner}} remarque en premier lors d'une scène devant le miroir ?,1,2,1,2,null,null,true,[],[]
828,v1_0043,v1,truth,Le défi de silence,Quel jeu à deux deviendrait plus excitant si la parole était interdite pendant deux minutes ?,1,2,1,3,null,null,true,[],[]
829,v1_0044,v1,truth,Le mot interdit,Quel mot faudrait-il interdire pour rendre un défi de séduction particulièrement difficile ?,1,2,1,2,null,null,true,[],[]
830,v1_0045,v1,truth,Le code secret,Quel geste discret pourrait devenir un signal de jeu réservé à vous deux ?,1,2,1,3,null,null,true,[],[]
831,v1_0046,v1,truth,La mission différée,Quel genre de mission aimerais-tu recevoir maintenant mais accomplir plus tard dans la partie ?,1,3,1,3,null,null,true,[],[]
832,v1_0047,v1,truth,La surprise au téléphone,Quel message sexuel direct serais-tu surpris de recevoir pendant que vous êtes dans deux pièces différentes ?,1,3,1,3,null,null,true,[],[]
833,v1_0048,v1,truth,Le partenaire masqué,Qu'aimerais-tu découvrir en dernier dans une rencontre où l'identité du personnage reste cachée ?,1,2,1,3,null,null,true,[],[]
834,v1_0049,v1,truth,Le déguisement,Quel accessoire vestimentaire suffirait à changer complètement le personnage de {{partner}} ?,1,2,1,2,null,null,true,[],[]
835,v1_0050,v1,truth,Le changement de pouvoir,À quel moment précis d'un scénario aimerais-tu inverser les rôles de domination ?,1,3,1,3,null,null,true,[],[]
836,v1_0051,v1,truth,L'attente,Quelle attente volontairement imposée te semble excitante sans devenir frustrante ?,1,3,1,2,null,null,true,[],[]
837,v1_0052,v1,truth,La promesse,Quelle promesse sexuelle aimerais-tu entendre au début d'une partie ?,1,3,1,3,null,null,true,[],[]
838,v1_0053,v1,truth,La récompense,Quelle récompense précise rendrait un duel plus intéressant à tes yeux ?,1,3,1,2,null,null,true,[],[]
839,v1_0054,v1,truth,La punition fictive,"Dans une mise en scène de pouvoir consentie, quelle sanction de jeu trouverais-tu amusante ou provocante ?",1,3,1,3,null,null,true,[],[]
840,v1_0055,v1,truth,La revanche,Quel défi perdu aimerais-tu rejouer avec les rôles inversés ?,1,2,1,2,null,null,true,[],[]
841,v1_0056,v1,truth,La règle persistante,Quelle règle temporaire aimerais-tu voir survivre aux deux prochaines cartes ?,1,3,1,3,null,null,true,[],[]
842,v1_0057,v1,truth,Le hasard,Quelle décision sexuelle laisserais-tu volontiers au tirage au sort du Directeur ?,1,3,1,3,null,null,true,[],[]
843,v1_0058,v1,truth,Le risque contrôlé,Quel scénario te ferait sortir de tes habitudes tout en restant dans vos limites ?,1,3,1,3,null,null,true,[],[]
844,v1_0059,v1,truth,L'initiative inattendue,Quelle initiative de {{partner}} t'a surpris agréablement lors d'une ancienne soirée ?,1,2,1,2,null,null,true,[],[]
845,v1_0060,v1,truth,La fois suivante,Quelle pratique déjà appréciée voudrais-tu redécouvrir dans un contexte complètement différent ?,1,2,1,2,null,null,true,[],[]
846,v1_0061,v1,truth,Le vrai aveu,Quel désir te paraît plus facile à écrire qu'à dire à voix haute ?,1,3,1,3,null,null,true,[],[]
847,v1_0062,v1,truth,Trois mots,Quels trois mots décriraient le mieux la soirée sexuelle que tu imagines aujourd'hui ?,1,2,1,2,null,null,true,[],[]
848,v1_0063,v1,truth,L'ordre préféré,Quelle consigne très précise aimes-tu recevoir plutôt qu'inventer toi-même ?,1,3,1,2,null,null,true,[],[]
849,v1_0064,v1,truth,La liberté totale,Quel moment préfères-tu laisser entièrement improvisé dans une partie pourtant très dirigée ?,1,2,1,2,null,null,true,[],[]
850,v1_0065,v1,truth,La première fois,Quelle nouvelle pratique ou mise en scène aimerais-tu essayer prochainement ?,1,3,1,3,null,null,true,[],[]
851,v1_0066,v1,truth,Le souvenir interdit,Quel souvenir intime aimerais-tu transformer en jeu de rôle pour ce soir ?,1,3,1,3,null,null,true,[],[]
852,v1_0067,v1,truth,Ce que tu n'avoues pas,Quelle préférence sexuelle pensais-tu ne jamais révéler à {{partner}} ?,1,3,1,3,null,null,true,[],[]
853,v1_0068,v1,truth,Le réveil,Quel début de matinée aimerais-tu transformer en scénario sexuel ?,1,2,1,2,null,null,true,[],[]
854,v1_0069,v1,truth,La nuit,Quel décor nocturne te plaît davantage qu'une chambre éclairée ?,1,2,1,2,null,null,true,[],[]
855,v1_0070,v1,truth,Le dernier geste,Quel souvenir intime aimerais-tu garder comme dernière image d'une partie ?,1,2,1,2,null,null,true,[],[]
856,v1_0071,v1,truth,La musique,Quel style de musique associes-tu à une situation sexuelle précise entre vous ?,1,2,1,2,null,null,true,[],[]
857,v1_0072,v1,truth,La voix,Quelle formulation directe prononcée par {{partner}} pourrait changer ton humeur immédiatement ?,1,3,1,2,null,null,true,[],[]
858,v1_0073,v1,truth,Le tempo,"Préférerais-tu que PROTOCOL accélère ou ralentisse la prochaine scène, et pourquoi ?",1,2,1,2,null,null,true,[],[]
859,v1_0074,v1,truth,L'accessoire imposé,Quel jouet serais-tu curieux de voir choisi secrètement par PROTOCOL ?,1,3,1,3,null,null,true,[],[]
860,v1_0075,v1,truth,Le choix caché,Quel élément de surprise apprécierais-tu dans une scène où chaque joueur reçoit un objectif différent ?,1,3,1,3,null,null,true,[],[]
861,v1_0076,v1,truth,Le téléphone écarté,Quelle situation justifierait selon toi de ne plus consulter l'écran pendant plusieurs minutes ?,1,2,1,2,null,null,true,[],[]
862,v1_0077,v1,truth,La révélation tardive,Quelle information intime devrait être dévoilée seulement à la fin d'un scénario ?,1,3,1,3,null,null,true,[],[]
863,v1_0078,v1,truth,Le rôle le plus osé,Quel personnage très éloigné de tes habitudes serais-tu curieux d'incarner pendant une soirée ?,1,3,1,3,null,null,true,[],[]
864,v1_0079,v1,truth,Le faux inconnu,À quel indice {{partner}} reconnaîtrait-il immédiatement ton style de séduction malgré un personnage fictif ?,1,2,1,3,null,null,true,[],[]
865,v1_0080,v1,truth,La proposition concrète,Propose une pratique sexuelle précise que PROTOCOL pourrait attribuer à la prochaine partie.,1,3,1,3,null,null,true,[],[]
866,v1_0081,v1,truth,Le scénario à éviter,Quelle dynamique sexuelle ou quel jeu de rôle ne voudrais-tu pas retrouver dans un tirage aléatoire ?,1,2,1,2,null,null,true,[],[]
867,v1_0082,v1,truth,Le détail révélateur,Quel détail visible te permet de savoir que {{partner}} a préparé une surprise ?,1,2,1,2,null,null,true,[],[]
868,v1_0083,v1,truth,La scène culte,Quelle scène de la V1 voudrais-tu absolument retrouver avec un meilleur déroulement ?,1,3,1,2,null,null,true,[],[]
869,v1_0084,v1,truth,Le jeu à inventer,"Si tu devais ajouter un défi sexuel entièrement nouveau, quel serait son objectif et sa condition de victoire ?",1,3,1,3,null,null,true,[],[]
870,v1_0085,v1,truth,La finale idéale,Quel scénario précis mériterait de clôturer une soirée PROTOCOL ?,1,3,1,3,null,null,true,[],[]
871,v1_0086,v1,action,Sans prévenir,Va dans le dressing. Reviens avec une robe et garde ton retour silencieux pendant trente secondes.,2,3,2,3,female,60,true,[],[]
872,v1_0087,v1,action,Le string choisi,Présente deux strings à {{partner}}. Il désigne celui que tu conserveras pour les deux prochaines cartes.,2,2,2,2,female,null,true,[],[]
873,v1_0088,v1,action,La chemise,Enfile uniquement une chemise ample par-dessus ta tenue actuelle et rejoins {{partner}} dans le salon.,2,2,2,2,female,null,true,[],[]
874,v1_0089,v1,action,La chemise blanche,Enfile une chemise blanche. {{partner}} décide si tu dois garder le col fermé ou l’ouvrir.,2,3,2,3,male,60,true,[],[]
875,v1_0090,v1,action,Le costume,Mets un pantalon habillé et une chemise. Attends dans le salon comme avant un rendez-vous.,2,2,2,2,male,null,true,[],[]
876,v1_0091,v1,action,Le détail choisi,"Présente ta montre, ta ceinture et ta chemise à {{partner}}. Elle choisit le détail que tu conserves pour la suite.",2,2,2,2,male,null,true,[],[]
877,v1_0092,v1,action,Rendez-vous sur la table,Rejoins {{partner}} près de la table de cuisine et annonce que le prochain tour se déroulera ici.,2,3,2,3,null,60,true,[],[]
878,v1_0093,v1,action,Le tabouret,Installe {{partner}} sur un tabouret. Maintenez cette disposition jusqu’à la fin de la carte.,2,2,2,2,null,null,true,[],[]
879,v1_0094,v1,action,L’invitation sur papier,Écris une invitation sexuelle très directe sur un papier et dépose-la sur la table de cuisine.,2,2,2,2,null,null,true,[],[]
880,v1_0095,v1,action,Le fauteuil réservé,Choisis un fauteuil pour {{partner}} et annonce que personne ne changera de place avant la prochaine carte.,2,3,2,3,null,60,true,[],[]
881,v1_0096,v1,action,Le canapé interdit,Interdis temporairement le canapé. Conduis {{partner}} vers un autre emplacement précis du salon.,2,2,2,2,null,null,true,[],[]
882,v1_0097,v1,action,Le rendez-vous inattendu,Quitte le salon puis reviens en incarnant une personne qui vient de rencontrer {{partner}}.,2,2,2,2,null,null,true,[],[]
883,v1_0098,v1,action,Le lit hors-jeu,Annonce que le lit est interdit jusqu’à la fin de la prochaine carte. Désigne un autre endroit de la chambre.,2,3,2,3,null,60,true,[],[]
884,v1_0099,v1,action,Le rendez-vous au seuil,Place-toi à la porte de la chambre. {{partner}} doit obtenir une invitation explicite pour entrer.,2,2,2,2,null,null,true,[],[]
885,v1_0100,v1,action,Le coin secret,Cache une invitation écrite dans un tiroir précis et donne trois indices pour la retrouver.,2,2,2,2,null,null,true,[],[]
886,v1_0101,v1,action,Rendez-vous au miroir,Convoque {{partner}} devant le miroir de la salle de bains sous un faux nom.,2,3,2,3,null,60,true,[],[]
887,v1_0102,v1,action,La porte close,Ferme la porte de la salle de bains. {{partner}} doit t’envoyer une invitation avant que tu l’ouvres.,2,2,2,2,null,null,true,[],[]
888,v1_0103,v1,action,Le choix des parfums,Présente deux parfums disponibles. {{partner}} choisit celui que tu porteras pendant la prochaine scène.,2,2,2,2,null,null,true,[],[]
889,v1_0104,v1,action,Le code de l’eau,Choisissez un mot secret qui déclenchera la prochaine carte lorsqu’il sera prononcé dans le jacuzzi.,2,3,2,3,null,60,true,[],[]
890,v1_0105,v1,action,Invitation au jacuzzi,Envoie à {{partner}} un rendez-vous avec une heure précise au jacuzzi.,2,2,2,2,null,null,true,[],[]
891,v1_0106,v1,action,Deux places,Attribue les deux places dans le jacuzzi et annonce les rôles d’un couple qui vient de se rencontrer.,2,2,2,2,null,null,true,[],[]
892,v1_0107,v1,action,Face au reflet,Place {{partner}} devant le miroir. Donne-lui une consigne de posture précise sans toucher à sa tenue.,2,3,2,3,null,60,true,[],[]
893,v1_0108,v1,action,Le reflet caché,Cache tes yeux une minute pendant que {{partner}} prépare une modification visible de sa tenue.,2,2,2,2,null,null,true,[],[]
894,v1_0109,v1,action,La photo interdite,"Compose devant le miroir une pose très suggestive, sans prendre réellement de photographie.",2,2,2,2,null,null,true,[],[]
895,v1_0110,v1,action,Le SMS interdit,Envoie à {{partner}} une proposition sexuelle directe depuis une autre pièce.,1,3,1,3,null,60,true,[],[]
896,v1_0111,v1,action,L’invitation masquée,Envoie une invitation signée du nom d’un personnage fictif et donne une destination précise.,1,2,1,2,null,null,true,[],[]
897,v1_0112,v1,action,L’indice unique,Envoie une photo d’un seul accessoire sexuel pour annoncer le thème de la prochaine scène.,1,2,1,2,null,null,true,[],[]
898,v1_0113,v1,action,Un aveu écrit,Écris une préférence sexuelle encore inavouée et fais lire le papier à {{partner}}.,1,3,1,3,null,60,true,[],[]
899,v1_0114,v1,action,Le secret sous clé,Note un fantasme sur un papier et cache-le dans un tiroir précis. Donne trois indices.,1,2,1,2,null,null,true,[],[]
900,v1_0115,v1,action,Une vérité différée,Écris maintenant une vérité sexuelle à révéler seulement après les deux prochaines cartes.,1,2,1,2,null,null,true,[],[]
901,v1_0116,v1,action,La nouvelle identité,Choisis un nom fictif et présente-toi à {{partner}} comme lors d’un premier rendez-vous.,2,3,2,3,null,60,true,[],[]
902,v1_0117,v1,action,L’autorité renversée,"Pendant la prochaine carte, laisse {{partner}} décider de ton personnage et inversez vos habitudes.",2,2,2,2,null,null,true,[],[]
903,v1_0118,v1,action,Le faux voisin,Quitte la pièce. Reviens comme un voisin adulte venu formuler une invitation mystérieuse.,2,2,2,2,null,null,true,[],[]
904,v1_0119,v1,action,Le portrait secret,Compose une photographie imaginaire de {{partner}} en lui donnant trois instructions de posture.,2,3,2,3,null,60,true,[],[]
905,v1_0120,v1,action,L’éclairage choisi,Prépare un éclairage de studio privé dans le salon et convoque {{partner}}.,2,2,2,2,null,null,true,[],[]
906,v1_0121,v1,action,Le casting photo,Demande à {{partner}} d’incarner un modèle adulte qui vient de répondre à une annonce fictive.,2,2,2,2,null,null,true,[],[]
907,v1_0122,v1,action,Le guide,Place un bandeau sur les yeux de {{partner}}. Guide-le oralement vers un fauteuil de la chambre.,2,3,2,3,null,60,true,[],[]
908,v1_0123,v1,action,La voix,Bande tes yeux. {{partner}} doit te faire retrouver son emplacement uniquement en parlant.,2,2,2,2,null,null,true,[],[]
909,v1_0124,v1,action,Trois indices,Cache un accessoire sur le lit puis bande les yeux de {{partner}}. Donne trois indices verbaux.,2,2,2,2,null,null,true,[],[]
910,v1_0125,v1,action,La mise en scène,Pose les menottes sur la table et attribue à {{partner}} le rôle de responsable d’une prison fictive.,3,3,3,3,null,60,true,[],[]
911,v1_0126,v1,action,Le choix du chef,Confie les menottes à {{partner}} : il détermine lequel de vous jouera le prisonnier adulte.,3,2,3,2,null,null,true,[],[]
912,v1_0127,v1,action,La clé visible,Place la clé des menottes bien en vue dans la pièce avant de commencer un scénario fictif.,3,2,3,2,null,null,true,[],[]
913,v1_0128,v1,action,La télécommande,Confie à {{partner}} la télécommande de l’accessoire Lovense pendant la prochaine carte.,2,3,2,3,null,60,true,[],[]
914,v1_0129,v1,action,L’invitation connectée,Envoie à {{partner}} une invitation précisant qu’un accessoire connecté fait partie de la prochaine scène.,2,2,2,2,null,null,true,[],[]
915,v1_0130,v1,action,Le choix caché,Dépose l’accessoire Lovense et sa commande dans deux endroits différents. Fais-les retrouver par indices.,2,2,2,2,null,null,true,[],[]
916,v1_0131,v1,action,Le choix du jouet,Va chercher le vibromasseur et apporte-le dans la chambre avant la prochaine carte.,3,3,3,3,female,60,true,[],[]
917,v1_0132,v1,action,Le tiroir ouvert,Dispose le vibromasseur et deux autres jouets sur le lit ; {{partner}} désigne celui qui sera utilisé dans une scène.,3,2,3,2,female,null,true,[],[]
918,v1_0133,v1,action,Le secret du réglage,Montre à {{partner}} deux réglages du vibromasseur qu’il devra retenir pour une autre carte.,3,2,3,2,female,null,true,[],[]
919,v1_0134,v1,action,Le tiroir du plaisir,Apporte le stimulateur clitoridien dans la pièce et place-le près du lit.,3,3,3,3,female,60,true,[],[]
920,v1_0135,v1,action,La surprise du boîtier,Place le stimulateur dans une boîte opaque et demande à {{partner}} de deviner son contenu.,3,2,3,2,female,null,true,[],[]
921,v1_0136,v1,action,Deux commandes,Montre à {{partner}} deux réglages distincts du stimulateur puis confie-lui l’appareil.,3,2,3,2,female,null,true,[],[]
922,v1_0137,v1,action,La sélection,Apporte le gode et un second accessoire dans la chambre. {{partner}} choisit celui qui sera central dans une scène.,3,3,3,3,null,60,true,[],[]
923,v1_0138,v1,action,Le rôle attribué,Place le gode dans une boîte avec une invitation à un jeu de rôle adulte.,3,2,3,2,null,null,true,[],[]
924,v1_0139,v1,action,Le code couleur,Enveloppe le gode dans un tissu choisi par {{partner}} pour signaler sa présence dans la prochaine scène.,3,2,3,2,null,null,true,[],[]
925,v1_0140,v1,action,Le choix assumé,"Va chercher la fleshlight et place-la dans la chambre, bien visible pour {{partner}}.",3,3,3,3,male,60,true,[],[]
926,v1_0141,v1,action,La boîte mystère,Cache la fleshlight dans une boîte et donne trois indices à {{partner}} pour deviner son contenu.,3,2,3,2,male,null,true,[],[]
927,v1_0142,v1,action,Le second accessoire,Présente la fleshlight et un vibromasseur. {{partner}} en choisit un pour une future mise en scène.,3,2,3,2,male,null,true,[],[]
928,v1_0143,v1,action,La boîte fermée,Place le plug anal dans une petite boîte sur la table du salon avant de convoquer {{partner}}.,4,3,3,3,female,60,true,[],[]
929,v1_0144,v1,action,La tenue préparée,Dépose le plug et deux strings différents dans le dressing ; {{partner}} choisit l’ensemble pour une autre scène.,4,2,3,2,female,null,true,[],[]
930,v1_0145,v1,action,La surprise vestimentaire,Prépare une tenue comportant une jupe ou une robe et annonce que le plug sera un élément du scénario.,4,2,3,2,female,null,true,[],[]
931,v1_0146,v1,action,Le choix du string,Présente trois strings à {{partner}} et porte celui qu’il désigne pour la prochaine carte.,2,3,2,3,female,60,true,[],[]
932,v1_0147,v1,action,La surprise sous la robe,Prépare une robe et un détail de lingerie que {{partner}} découvrira seulement lors du prochain tour.,2,2,2,2,female,null,true,[],[]
933,v1_0148,v1,action,La commande du dressing,Confie à {{partner}} le choix entre deux ensembles de lingerie et conserve sa sélection.,2,2,2,2,female,null,true,[],[]
934,v1_0149,v1,action,L’ordre chuchoté,Approche-toi de {{partner}} et murmure-lui une consigne de jeu de rôle très précise.,1,3,1,3,null,60,true,[],[]
935,v1_0150,v1,action,La proposition directe,"Annonce clairement, sans métaphore, la pratique sexuelle que tu aimerais choisir pour ce soir.",1,2,1,2,null,null,true,[],[]
936,v1_0151,v1,action,L’invitation à l’oreille,Murmure à {{partner}} une invitation avec une heure et une pièce précises.,1,2,1,2,null,null,true,[],[]
937,v1_0152,v1,action,Une minute muette,"Pendant une minute, transmets à {{partner}} une proposition de rendez-vous uniquement par gestes.",1,3,1,3,null,60,true,[],[]
938,v1_0153,v1,action,Le défi du regard,Regardez-vous pendant quarante secondes sans prononcer un mot.,1,2,1,2,null,null,true,[],[]
939,v1_0154,v1,action,Le papier remplace la voix,Écris une envie sexuelle précise et donne le papier à {{partner}} sans commentaire.,1,2,1,2,null,null,true,[],[]
940,v1_0155,v1,action,Le règlement,Écris trois règles pour un interrogatoire fictif entre adultes et lis-les à {{partner}}.,3,3,3,3,null,60,true,[],[]
941,v1_0156,v1,action,La convocation,Convoque {{partner}} dans le salon sous l’identité d’un directeur d’établissement imaginaire.,3,2,3,2,null,null,true,[],[]
942,v1_0157,v1,action,La sanction écrite,Invente une conséquence ludique et précise qui sera appliquée au perdant du prochain duel.,3,2,3,2,null,null,true,[],[]
943,v1_0158,v1,action,L’audition privée,Installe deux chaises. {{partner}} arrive comme candidat adulte à un casting mystérieux.,2,3,2,3,null,60,true,[],[]
944,v1_0159,v1,action,Le faux professeur,Incarne un formateur adulte qui reçoit {{partner}} pour un entretien après le cours.,2,2,2,2,null,null,true,[],[]
945,v1_0160,v1,action,Le médecin fictif,Prépare un bureau de cabinet médical imaginaire et accueille {{partner}} en personnage.,2,2,2,2,null,null,true,[],[]
946,v1_0161,v1,action,Le premier regard,Raconte à {{partner}} le moment où tu as compris que vous aviez une véritable attirance sexuelle.,1,3,1,3,null,60,true,[],[]
947,v1_0162,v1,action,Le geste oublié,Décris un geste sexuel apprécié dont vous n’avez pas reparlé depuis longtemps.,1,2,1,2,null,null,true,[],[]
948,v1_0163,v1,action,La soirée rejouée,Nomme une soirée intime passée et choisis un détail concret que tu modifierais.,1,2,1,2,null,null,true,[],[]
949,v1_0164,v1,action,Deux destinations,Écris « cuisine » et « dressing » sur deux papiers. {{partner}} tire la destination du prochain tour.,2,3,2,3,null,60,true,[],[]
950,v1_0165,v1,action,Le pari de la vérité,Parie sur la réponse de {{partner}} à une question sexuelle précise avant de la lui poser.,2,2,2,2,null,null,true,[],[]
951,v1_0166,v1,action,Le tirage des rôles,Écrivez chacun « dirige » et « suit ». Tirez au sort les rôles du prochain défi.,2,2,2,2,null,null,true,[],[]
952,v1_0167,v1,action,Le salon transformé,Transforme le salon en bureau de directeur d’établissement fictif et convoque {{partner}}.,2,3,2,3,null,60,true,[],[]
953,v1_0168,v1,action,Le rendez-vous d’hôtel,Pose deux verres et une clé imaginaire sur la table. Accueille {{partner}} comme à l’hôtel.,2,2,2,2,null,null,true,[],[]
954,v1_0169,v1,action,Le cabinet médical,Installe une chaise et un bureau pour une consultation entièrement fictive entre adultes.,2,2,2,2,null,null,true,[],[]
955,v1_0170,v1,action,Le choix conservé,Écris la pratique sexuelle dont tu aimerais faire le thème central d’une prochaine partie.,1,3,1,3,null,60,true,[],[]
956,v1_0171,v1,action,Le souvenir enregistré,"Note le titre de la carte qui vous a le plus surpris ce soir, sans expliquer immédiatement pourquoi.",1,2,1,2,null,null,true,[],[]
957,v1_0172,v1,action,La variante souhaitée,Propose à {{partner}} un changement de décor concret pour une prochaine scène.,1,2,1,2,null,null,true,[],[]
958,v1_0173,v1,action,La terrasse réservée,Rejoins {{partner}} sur votre terrasse privée et propose-lui un rendez-vous sous un faux prénom.,2,3,2,3,null,60,true,[],[]
959,v1_0174,v1,action,Le message du jardin,Cache dans le jardin privé un papier portant une proposition sexuelle directe et donne un indice.,2,2,2,2,null,null,true,[],[]
960,v1_0175,v1,action,Le retour par la porte,Sors quelques instants puis sonne comme si tu arrivais pour une rencontre clandestine.,2,2,2,2,null,null,true,[],[]
961,v1_0176,v1,action,Le t-shirt,Enfile un t-shirt sans soutien-gorge et rejoins {{partner}} dans le salon. Ne commente pas ce changement.,2,3,2,2,female,null,true,[],[]
962,v1_0177,v1,action,Le string visible,"Enfile un string et une jupe ; pendant la prochaine carte, laisse dépasser volontairement un détail de ta lingerie.",2,3,2,2,female,null,true,[],"[{""title"":""Le string visible"",""active"":true,""rule_key"":""lingerie_visible_v2"",""rule_text"":""Garde ce détail de lingerie visible pendant la prochaine carte."",""target_mode"":""active"",""duration_turns"":1}]"
963,v1_0178,v1,action,L'interdiction de lingerie,Va retirer ton string dans le dressing puis reviens sans annoncer ce qui a changé.,2,3,2,2,female,null,true,[],[]
964,v1_0179,v1,action,Le miroir des seins,Place-toi devant le miroir avec {{partner}} derrière toi. Écarte ton haut pour dévoiler tes seins pendant trente secondes.,2,3,2,2,female,null,true,[],[]
965,v1_0180,v1,action,La tenue décidée,Donne à {{partner}} ton string et ta chemise : il choisit lequel tu conserves pendant le prochain tour.,2,3,2,2,female,null,true,[],[]
966,v1_0181,v1,action,La robe et rien d’autre,Enfile ta robe sans sous-vêtements et rejoins {{partner}} dans la cuisine pour la prochaine carte.,2,3,2,2,female,null,true,[],[]
967,v1_0182,v1,action,Défi des boutons,"Demande à {{partner}} de déboutonner lentement ta chemise, un bouton par tranche de dix secondes.",2,3,2,2,female,null,true,[],[]
968,v1_0183,v1,action,Le premier regard interdit,Dévoile tes seins à {{partner}} pendant trente secondes ; il doit garder les mains derrière le dos.,2,3,2,2,female,null,true,[],[]
969,v1_0184,v1,action,La surprise du dressing,Quitte la pièce et reviens vêtue uniquement d’un string et d’une chemise ouverte.,2,3,2,2,female,null,true,[],[]
970,v1_0185,v1,action,Le string sélectionné,Présente tes deux strings favoris à {{partner}}. Il choisit celui que tu enfiles immédiatement.,2,3,2,2,female,null,true,[],[]
971,v1_0186,v1,action,Sa chemise ouverte,Ouvre lentement la chemise de {{partner}} jusqu’au bouton qu’il désigne et embrasse-lui le torse.,2,3,2,2,female,null,true,[],[]
972,v1_0187,v1,action,Tes mains à lui,Place les mains de {{partner}} exactement là où tu aimerais être caressée et guide leur mouvement trente secondes.,2,3,2,2,female,null,true,[],[]
973,v1_0188,v1,action,Ton décolleté,Approche-toi de {{partner}} et demande-lui de choisir entre garder ton haut et découvrir tes seins.,2,3,2,2,female,null,true,[],[]
974,v1_0189,v1,action,Le rendez-vous au lit,Enfile un string précis et rejoins {{partner}} sur le lit. Annonce une pratique sexuelle pour la prochaine carte.,2,3,2,2,female,null,true,[],[]
975,v1_0190,v1,action,L’aveu direct,"Approche-toi de {{partner}} et dis à voix haute si tu préfèrerais une fellation, un cunnilingus ou un rapport sexuel pour la suite.",1,2,1,2,female,null,true,[],[]
976,v1_0191,v1,action,Les mains derrière le dos,"Garde les mains derrière le dos pendant que {{partner}} t’embrasse longuement, sans changer de place pendant trente secondes.",2,3,2,2,female,null,true,[],[]
977,v1_0192,v1,action,Le vêtement surprise,Demande à {{partner}} de fermer les yeux. Retire un vêtement précis : ton soutien-gorge. Fais-lui découvrir le résultat.,2,3,2,2,female,null,true,[],[]
978,v1_0193,v1,action,La photo imaginaire,Prends une pose face au miroir en ne portant qu’une chemise et ton string ; {{partner}} dirige la composition.,2,3,2,2,female,null,true,[],[]
979,v1_0194,v1,action,Sous le t-shirt,Garde tes seins nus sous un t-shirt et propose à {{partner}} de te rejoindre dans une autre pièce.,2,3,2,2,female,null,true,[],[]
980,v1_0195,v1,action,Le compliment interdit,Demande à {{partner}} de te dire exactement ce qu’il préfère chez tes seins sans utiliser les mots « joli » ni « beau ».,1,2,1,2,female,null,true,[],[]
981,v1_0196,v1,action,Le pantalon ouvert,Déboutonne ton pantalon et laisse {{partner}} découvrir lentement ton torse sous ta chemise.,2,3,2,2,male,null,true,[],[]
982,v1_0197,v1,action,La chemise seule,Retire ton t-shirt et enfile une chemise ouverte. Rejoins {{partner}} devant le miroir.,2,3,2,2,male,null,true,[],[]
983,v1_0198,v1,action,Le choix de sa bouche,Demande directement à {{partner}} quelle pratique sexuelle elle aimerait recevoir maintenant et répète sa réponse à voix haute.,1,2,1,2,male,null,true,[],[]
984,v1_0199,v1,action,Le massage précis,Demande à {{partner}} de s'allonger sur le ventre et masse ses fesses et le bas de son dos pendant une minute.,2,3,2,2,male,null,true,[],[]
985,v1_0200,v1,action,L’invitation au cunnilingus,Propose directement à {{partner}} un cunnilingus dans la chambre ou dans la salle de bains. Elle choisit le décor.,2,3,2,2,male,null,true,[],[]
986,v1_0201,v1,action,Les poignets visibles,Propose un jeu de pouvoir fictif devant le miroir. Place les menottes fermées sur la table sans attacher personne.,3,3,2,2,male,null,true,[],[]
987,v1_0202,v1,action,Choisis son string,"Présente deux strings à {{partner}} ; elle en enfile un, choisi par toi, avant de revenir.",2,3,2,2,male,null,true,[],[]
988,v1_0203,v1,action,Le rendez-vous en chemise,Enfile une chemise sans t-shirt et invite {{partner}} à te rejoindre dans la cuisine sous un faux prénom.,2,3,2,2,male,null,true,[],[]
989,v1_0204,v1,action,Le message explicite,Envoie à {{partner}} un SMS mentionnant la pratique sexuelle précise que tu aimerais explorer ce soir.,1,2,1,2,male,null,true,[],[]
990,v1_0205,v1,action,Le secret du miroir,Place-toi derrière {{partner}} devant le miroir ; demande-lui de guider tes mains pendant trente secondes.,2,3,2,2,male,null,true,[],[]
991,v1_0206,v1,action,Le contrôle de la voix,Demande à {{partner}} de te diriger uniquement par la voix pendant que vous échangez un baiser.,2,3,2,2,male,null,true,[],[]
992,v1_0207,v1,action,Son choix de rythme,Demande à {{partner}} de choisir le rythme d’un massage intime au lieu de décider pour elle.,2,3,2,2,male,null,true,[],[]
993,v1_0208,v1,action,La cuisine privée,Convoque {{partner}} près de la table de cuisine et formule une proposition sexuelle directe pour le prochain tour.,1,2,1,2,male,null,true,[],[]
994,v1_0209,v1,action,Le retour du costume,"Mets une chemise ouverte et un pantalon habillé, puis accueille {{partner}} comme pour un rendez-vous clandestin.",2,3,2,2,male,null,true,[],[]
995,v1_0210,v1,action,Le miroir inversé,Place {{partner}} devant le miroir et laisse-la fixer tes trois consignes pour une scène future.,2,3,2,2,male,null,true,[],[]
996,v1_0211,v1,action,La demande sans détour,Demande à {{partner}} de nommer précisément entre une fellation et un autre préliminaire celui qu’elle préfère proposer maintenant.,1,2,1,2,male,null,true,[],[]
997,v1_0212,v1,action,Les mains sur sa taille,Place tes mains sur la taille de {{partner}} et attire-la contre toi pour un long baiser devant le miroir.,2,3,2,2,male,null,true,[],[]
998,v1_0213,v1,action,La surprise derrière la porte,"Envoie une invitation à {{partner}} : « Rejoins-moi dans la salle de bains, je veux te dire une proposition sexuelle précise ».",1,2,1,2,male,null,true,[],[]
999,v1_0214,v1,action,Le choix du vibro,Présente à {{partner}} le vibromasseur et le stimulateur clitoridien. Elle indique celui qu’elle veut réserver pour une scène.,2,3,2,2,male,null,true,[],[]
1000,v1_0215,v1,action,Le rôle du demandeur,Place-toi à genoux devant {{partner}} et formule clairement une demande sexuelle en restant dans un rôle fictif.,2,3,2,2,male,null,true,[],[]
1001,v1_0216,v1,action,Le baiser suspendu,"Embrasse {{partner}} pendant trente secondes, puis impose une pause de dix secondes avant de recommencer.",2,3,2,2,null,null,true,[],[]
1002,v1_0217,v1,action,Le miroir à deux,Installez-vous devant un miroir. Chacun doit diriger à tour de rôle le regard de l’autre pendant trente secondes.,2,3,2,2,null,null,true,[],[]
1003,v1_0218,v1,action,Une minute de caresses,"Installez-vous sur le canapé et caressez-vous lentement le dos, la nuque et les cuisses pendant une minute.",2,3,2,2,null,null,true,[],[]
1004,v1_0219,v1,action,La bouche à l’oreille,Murmure à {{partner}} une proposition sexuelle précise comportant un lieu et un moment.,1,2,1,2,null,null,true,[],[]
1005,v1_0220,v1,action,Le retour du bandeau,Bande les yeux de {{partner}} et guide-le jusqu’au lit uniquement en parlant.,2,3,2,2,null,null,true,[],[]
1006,v1_0221,v1,action,Le contrôle du baiser,"Pendant quarante secondes, un seul joueur décide du rythme des baisers. Inversez ensuite les rôles.",2,3,2,2,null,null,true,[],[]
1007,v1_0222,v1,action,L’interdiction de toucher,"Pendant une minute, {{partner}} doit rester immobile pendant que tu lui murmures tes intentions sexuelles pour la suite.",2,3,2,2,null,null,true,[],[]
1008,v1_0223,v1,action,La commande dans la poche,Glisse une invitation directe dans la poche de {{partner}}. Il doit la lire en te regardant.,1,2,1,2,null,null,true,[],[]
1009,v1_0224,v1,action,Le geste désigné,Fais choisir à {{partner}} entre un long baiser dans le cou et un massage des fesses. Réalise exactement son choix.,2,3,2,2,null,null,true,[],[]
1010,v1_0225,v1,action,Le rendez-vous en peignoir,Rejoignez-vous dans la salle de bains en peignoirs et annoncez chacun une pratique sexuelle que vous aimeriez explorer.,2,3,2,2,null,null,true,[],[]
1011,v1_0226,v1,action,Le jouet présenté,"Présente un gode, un vibromasseur et un stimulateur clitoridien. {{partner}} nomme celui qu’il utilisera pendant une prochaine scène.",2,3,2,2,null,null,true,[],[]
1012,v1_0227,v1,action,Le contrat d’une minute,"Conviens d’un mot de pause ; pendant la minute suivante, dirige un massage de {{partner}} uniquement par des consignes verbales.",2,3,2,2,null,null,true,[],[]
1013,v1_0228,v1,action,La fenêtre du désir,"Face à la fenêtre donnant sur votre espace privé, murmure une proposition sexuelle à {{partner}} et laisse-le t’inviter dans une pièce.",1,2,1,2,null,null,true,[],[]
1014,v1_0229,v1,action,Les deux chaises,Installe deux chaises face à face et raconte à {{partner}} un fantasme que tu n’as encore jamais formulé.,1,2,1,2,null,null,true,[],[]
1015,v1_0230,v1,action,Le rendez-vous improvisé,"Envoie une invitation intime à {{partner}} contenant expressément « salle de bains », « miroir » et « dans deux minutes ».",1,2,1,2,null,null,true,[],[]
1016,v1_0231,v1,action,Les caresses inversées,"Demande à {{partner}} de te montrer sur tes propres mains les gestes qu’il préfère, puis reproduis-les sur ses mains.",2,3,2,2,null,null,true,[],[]
1017,v1_0232,v1,action,Le tiroir des jouets,Place le gode et le vibromasseur sur le lit. {{partner}} choisit lequel sera présent dans le prochain scénario.,2,3,2,2,null,null,true,[],[]
1018,v1_0233,v1,action,La proximité imposée,"Asseyez-vous sur le canapé, jambes contre jambes. Chacun doit formuler une proposition sexuelle sans détourner les yeux.",1,2,1,2,null,null,true,[],[]
1019,v1_0234,v1,action,Le tour sans paroles,"Pendant une minute, interdisez-vous de parler tout en échangeant des baisers et en indiquant vos envies uniquement par gestes.",2,3,2,2,null,null,true,[],[]
1020,v1_0235,v1,action,Le dernier aveu,"Avant la prochaine carte, chacun doit annoncer une pratique sexuelle qu’il espère voir apparaître plus tard dans la partie.",1,2,1,2,null,null,true,[],[]
1021,v1_0236,v1,action,Le string,"{{active}}, tourne-toi et laisse {{partner}} prendre trente secondes simplement pour admirer ton string et ton cul avant d’avoir le droit de te toucher.",2,2,1,2,female,30,true,[],[]
1022,v1_0237,v1,action,Choisis pour elle,"{{active}}, choisis le string que tu aimerais voir {{partner}} porter pour la suite de la partie. Elle va l'enfiler maintenant.",2,2,1,2,male,null,true,[],[]
1023,v1_0238,v1,action,Tes seins,"{{active}}, laisse {{partner}} prendre une minute uniquement pour tes seins. Tu ne lui donnes aucune indication.",2,2,2,1,female,60,true,[],[]
1024,v1_0239,v1,action,Juste visible,Ajuste ton string pour qu'il soit juste assez visible pour attirer le regard de {{partner}} pendant les deux prochaines cartes.,2,2,1,2,female,null,true,[],"[{""title"":""Juste visible"",""active"":true,""rule_key"":""legacy_visible_lingerie"",""rule_text"":""Garde ta lingerie juste assez visible pour attirer le regard de {{partner}}."",""target_mode"":""active"",""duration_turns"":2}]"
1025,v1_0240,v1,action,Le détail,"{{active}}, laisse {{partner}} choisir un détail de ta tenue ou de ton corps qu'il ou elle trouve particulièrement attirant maintenant. Prenez-en une photo souvenir.",2,1,1,2,null,null,true,[],[]
1026,v1_0241,v1,action,À genoux,"{{active}}, mets-toi à genoux devant {{partner}}. Il décide s'il veut simplement profiter de la vue ou te demander une fellation.",2,3,2,3,female,null,true,[],[]
1027,v1_0242,v1,action,Ma bouche,"{{active}}, demande à {{partner}} de s'allonger. Fais-lui un cunnilingus pendant une minute uniquement à ton rythme.",2,2,3,2,male,60,true,[],[]
1028,v1_0243,v1,action,À mon tour,"{{active}}, allonge-toi et demande clairement à {{partner}} de te faire un cunnilingus. Pendant une minute, ton plaisir passe avant tout le reste.",2,2,3,2,female,60,true,[],[]
1029,v1_0244,v1,action,Fellation,"{{active}}, demande à {{partner}} de te faire une fellation pendant une minute. Tu peux lui indiquer exactement le rythme que tu veux.",2,2,3,2,male,60,true,[],[]
1030,v1_0245,v1,action,Fellation lente,"{{active}}, demande à {{partner}} une fellation très lente pendant une minute. Pas d’accélération, même si tu en as envie.",2,2,3,2,male,60,true,[],[]
1031,v1_0246,v1,action,Clitoris,"{{active}}, demande à {{partner}} de s’occuper uniquement de ton clitoris pendant une minute. Rien d’autre.",3,2,3,1,female,60,true,[],[]
1032,v1_0247,v1,action,Cunilingus,"{{active}}, allonge-toi et demande à {{partner}} de te faire un cunnilingus pendant deux minutes.",2,2,3,1,female,120,true,[],[]
1033,v1_0248,v1,action,Trois endroits,"{{active}}, choisis trois parties du corps de {{partner}} que tu trouves particulièrement attirantes. Consacre trente secondes à chacune avec tes mains ou ta bouche.",3,2,2,2,null,30,true,[],[]
1034,v1_0249,v1,action,Vilaine fille,"{{active}}, dis à {{partner}} que tu as été une vilaine fille aujourd'hui. Tourne-toi et laisse-le décider de quelques fessées pour te punir.",3,3,3,3,female,null,true,[],[]
1035,v1_0250,v1,action,Quelques fessées,"{{active}}, demande à {{partner}} de se pencher ou de se mettre à quatre pattes. Donne-lui quelques fessées et prends ton temps.",3,3,3,2,male,null,true,[],[]
1036,v1_0251,v1,action,Aide-moi,"{{active}}, demande à {{partner}} de t'aider à mettre ton plug anal. Une fois en place, rhabille-toi et continue la partie comme si de rien n'était.",3,3,3,3,female,null,true,[],[]
1037,v1_0252,v1,action,Le plug,"{{active}}, choisis le plug anal que tu voudrais voir {{partner}} porter pour la suite. Aide-la à le mettre.",3,3,3,3,male,null,true,[],[]
1038,v1_0253,v1,action,Le gode,"{{active}}, choisis un gode. Pose-le devant {{partner}} et dis-lui simplement : « Celui-là. Plus tard. »",3,2,2,3,null,null,true,[],[]
1039,v1_0254,v1,action,Prends-le,"{{active}}, prends un gode et donne-le à {{partner}}. Il ou elle doit décider comment tu vas l'utiliser pendant une minute.",3,3,3,3,null,60,true,[],[]
1040,v1_0255,v1,action,La punition,"{{active}} a fait quelque chose qui mérite une petite punition. {{partner}} choisit entre fessées, frustration ou interdiction de toucher pendant deux minutes.",3,3,2,3,null,120,true,[],[]
1041,v1_0256,v1,action,Masturbe-moi,"{{active}}, demande à {{partner}} de te masturber pendant deux minutes. Interdiction pour toi de l’aider avec tes mains.",3,3,3,2,male,120,true,[],[]
1042,v1_0257,v1,action,Regarde-la faire,"{{active}}, assieds-toi et laisse {{partner}} te masturber pendant que tu regardes uniquement ses mains.",3,2,3,2,male,null,true,[],[]
1043,v1_0258,v1,action,Une seule main,"{{active}}, {{partner}} te masturbe pendant une minute avec une seule main. L’autre doit rester derrière son dos.",3,2,3,2,male,60,true,[],[]
1044,v1_0259,v1,action,Le vibromasseur,"{{active}}, donne un vibromasseur à {{partner}}. Elle peut l’utiliser pour te provoquer pendant une minute pendant que ses mains restent ailleurs.",3,2,3,3,male,60,true,[],[]
1045,v1_0260,v1,action,Regarde seulement,"{{active}}, mets-toi nu devant {{partner}} et masturbe-toi lentement pendant une minute. Elle ne peut pas te toucher.",3,2,3,2,male,60,true,[],[]
1046,v1_0261,v1,action,Une minute pour toi,"{{active}}, demande à {{partner}} de te masturber pendant une minute. Il ne reçoit rien en retour.",3,2,3,1,female,60,true,[],[]
1047,v1_0262,v1,action,Le vibro,"{{active}}, donne ton vibromasseur à {{partner}} et laisse-le décider du rythme pendant une minute.",3,2,3,2,female,60,true,[],[]
1048,v1_0263,v1,action,Vibration seulement,"{{active}}, pendant une minute, {{partner}} ne peut utiliser qu’un vibromasseur sur toi. Ses mains restent ailleurs.",3,3,3,2,female,60,true,[],[]
1049,v1_0264,v1,action,Guide-moi,Prends la main de {{partner}} et montre-lui exactement comment tu veux être masturbé ou masturbée.,3,2,3,1,null,null,true,[],[]
1050,v1_0265,v1,action,Les seins,"{{active}}, prends ton temps avec les seins de {{partner}} pendant une minute. Elle n'a pas le droit de te dire comment faire.",3,2,3,2,male,60,true,[],[]
1051,v1_0266,v1,action,Montre-les,"{{active}}, enlève ou écarte ce qui cache tes seins et laisse {{partner}} simplement les regarder pendant trente secondes.",3,2,1,2,female,30,true,[],[]
1052,v1_0267,v1,action,String,"{{active}}, tourne-toi et laisse {{partner}} glisser lentement un doigt sous l'élastique de ton string. Rien de plus pendant trente secondes.",3,2,2,3,female,30,true,[],[]
1053,v1_0268,v1,action,Enlève-le,"{{active}}, laisse {{partner}} retirer lentement ton string. Il n'a ensuite pas le droit de te toucher pendant trente secondes.",3,3,2,3,female,30,true,[],[]
1054,v1_0269,v1,action,Garde-le,"{{active}}, demande à {{partner}} d'enlever son string avec tes mains. Garde-le avec toi pour le reste de la partie.",3,3,2,3,male,null,true,[],[]
1055,v1_0270,v1,action,Le secret sous la robe,"{{active}} choisit un string ou décide de ne rien porter. {{partner}} ne peut le découvrir qu'avec ses mains, pas avec ses yeux.",3,2,3,3,female,null,true,[],[]
1056,v1_0271,v1,action,Menottes,"{{active}}, mets les menottes à {{partner}}, clé à portée. Pendant deux minutes, ses mains ne participent plus.",3,3,2,3,null,120,true,[],[]
1057,v1_0272,v1,action,Sous la douche,"{{active}}, va sous la douche avec {{partner}}. Laisse-le te savonner lentement les seins, le ventre, les fesses et l’intérieur des cuisses.",3,2,3,2,female,null,true,[],[]
1058,v1_0273,v1,action,Le string révélé,"{{active}}, si tu portes encore un string, laisse {{partner}} choisir une façon de le faire apparaître dans une photo. Tu décides du cadrage final.",3,2,1,2,female,null,true,[],[]
1059,v1_0274,v1,action,Son cul,"{{active}}, tourne {{partner}} dos à toi, attrape-lui le cul et prends trente secondes simplement pour profiter de la vue et de tes mains.",3,2,2,2,male,30,true,[],[]
1060,v1_0275,v1,action,Le plan,"{{active}}, choisis un angle de caméra qui rendrait une minute de votre soirée particulièrement excitante à revoir. Installe simplement le téléphone et regardez ensemble le cadrage.",3,2,1,3,null,60,true,[],[]
1061,v1_0276,v1,action,Son odeur naturelle,"{{active}}, choisis une zone du corps de {{partner}} où son odeur naturelle est particulièrement présente. Prends trente secondes uniquement pour la sentir avant de faire autre chose.",3,2,3,2,null,30,true,[],[]
1062,v1_0277,v1,action,Pour elle,"Pendant quatre minutes, tout tourne autour du plaisir de {{active}}. {{partner}} choisit entre bouche, doigts, gode ou vibromasseur.",3,3,3,3,female,240,true,[],[]
1063,v1_0278,v1,action,Le vibromasseur à lui,"{{active}}, donne ton vibromasseur à {{partner}}. Pendant deux minutes, il décide seul comment l’utiliser sur ton clitoris.",4,3,3,2,female,120,true,[],[]
1064,v1_0279,v1,action,Double stimulation,"{{active}}, laisse {{partner}} utiliser un gode et stimuler ton clitoris en même temps pendant une minute.",4,3,3,3,female,60,true,[],[]
1065,v1_0280,v1,action,Elle porte le gode,"{{active}}, aide {{partner}} à mettre un harnais avec un gode choisi ensemble. Pendant une minute, elle reste devant toi avec sans te pénétrer : regarde-la, touche-la et laisse monter l'idée de ce qui pourrait suivre.",4,3,2,3,male,60,true,[],[]
1066,v1_0281,v1,action,Pas le droit,"{{active}}, {{partner}} peut te masturber autant qu’elle veut pendant deux minutes, mais tu n’as pas le droit de jouir.",3,3,3,3,male,120,true,[],[]
1067,v1_0282,v1,action,Plug et string,"{{active}}, mets ton plug anal puis remets seulement ton string par-dessus. Reviens montrer à {{partner}} le résultat.",3,3,3,3,female,null,true,[],[]
1068,v1_0283,v1,action,Aide-la,"{{active}}, aide {{partner}} à mettre son plug anal puis choisis toi-même le string qu'elle remettra par-dessus.",3,3,3,3,male,null,true,[],[]
1069,v1_0284,v1,action,La punition II,"{{active}} a été particulièrement désobéissant ou désobéissante. {{partner}} dispose de trois minutes pour choisir une punition entre fessées, frustration, immobilité ou interdiction de toucher.",3,3,3,3,null,180,true,[],[]
1070,v1_0285,v1,action,Vibration,"{{active}}, allonge-toi. {{partner}} choisit où faire passer lentement le vibromasseur sur ton corps avant de s’occuper directement de ton sexe.",4,3,3,3,male,null,true,[],[]
1071,v1_0286,v1,action,Montre-lui où,"{{active}}, prends la main de {{partner}} et montre-lui exactement où tu aimerais qu'il éjacule lorsqu'il jouira. Pas besoin d'attendre ce moment pour rendre ton choix parfaitement clair.",4,3,2,3,female,null,true,[],[]
1072,v1_0287,v1,action,Cunilingus dirigé,"{{active}}, allonge-toi et donne à {{partner}} des instructions précises pendant qu'il te fait un cunnilingus.",2,3,3,2,female,null,true,[],[]
1073,v1_0288,v1,action,Fellation dirigée,"{{active}}, demande à {{partner}} de se mettre à genoux et explique-lui exactement comment tu veux ta fellation pendant la prochaine minute.",2,3,3,2,male,60,true,[],[]
1074,v1_0289,v1,action,À ta bouche,"{{active}}, place {{partner}} comme tu veux et donne-lui un cunnilingus pendant deux minutes. Interdiction de changer de position avant que tu le décides.",2,3,3,2,male,120,true,[],[]
1075,v1_0290,v1,action,Fellation et regard,"{{active}}, demande à {{partner}} de te faire une fellation en te regardant régulièrement dans les yeux.",2,3,3,2,male,null,true,[],[]
1076,v1_0291,v1,action,Ses mains aussi,"{{active}}, pendant que {{partner}} te fait une fellation, elle doit aussi utiliser ses mains comme elle en a envie.",2,3,3,2,male,null,true,[],[]
1077,v1_0292,v1,action,Cuni dirigé,"{{active}}, demande à {{partner}} un cunnilingus et guide-le uniquement avec ta voix.",2,3,3,2,female,null,true,[],[]
1078,v1_0293,v1,action,Pas le droit de toucher,"{{active}}, {{partner}} te fait un cunnilingus pendant deux minutes, mais tu n’as pas le droit de le toucher.",2,3,3,2,female,120,true,[],[]
1079,v1_0294,v1,action,Pas encore,"{{active}}, {{partner}} choisit une partie de son corps qu'il ou elle sait particulièrement difficile à te faire ignorer. Pendant une minute, tu peux t'approcher autant que tu veux sans utiliser ta bouche.",4,3,2,3,null,60,true,[],[]
1080,v1_0295,v1,action,Son cul à toi,"{{active}}, mets {{partner}} dans la position que tu veux et donne-lui les fessées dont tu as envie avant de l'embrasser dans le cou.",3,3,3,2,male,null,true,[],[]
1081,v1_0296,v1,action,Le gode pour elle,"{{active}}, prends un gode et donne-le à {{partner}}. Pendant deux minutes, tiens-le toi-même pendant qu'elle te dit exactement ce qu'elle veut.",4,3,3,2,male,120,true,[],[]
1082,v1_0297,v1,action,Pour mon plaisir,"{{active}}, donne ton gode à {{partner}}. Il doit le maintenir pendant que tu te fais plaisir. Ses autres mains restent loin de toi.",4,3,3,3,female,null,true,[],[]
1083,v1_0298,v1,action,Le plug secret,"{{active}} porte son plug anal sous ses vêtements. Pendant trois minutes, {{partner}} peut jouer avec ce secret mais ne peut pas le retirer.",3,3,3,3,female,180,true,[],[]
1084,v1_0299,v1,action,Son rythme,"{{active}}, laisse {{partner}} te masturber complètement à son rythme pendant deux minutes. Tu n’as pas le droit de lui demander d’accélérer.",3,3,3,2,male,120,true,[],[]
1085,v1_0300,v1,action,Gode pour toi,"{{active}}, donne un gode à {{partner}}. Pendant deux minutes, il l’utilise uniquement pour ton plaisir.",4,3,3,2,female,120,true,[],[]
1086,v1_0301,v1,action,Au bord,"{{active}}, laisse {{partner}} t’amener aussi près que possible de l’orgasme puis demande-lui de s’arrêter complètement.",4,3,3,3,female,null,true,[],[]
1087,v1_0302,v1,action,Le plug,"{{active}}, si un plug fait partie de la soirée, laisse {{partner}} créer une photo souvenir autour de ce détail. Visible ou seulement suggéré : vous choisissez.",3,3,2,3,null,null,true,[],[]
1088,v1_0303,v1,action,Le gode en harnais,"{{active}}, choisis le gode que tu serais prêt à laisser {{partner}} porter dans un harnais pour toi. Elle le prépare et le pose en évidence. Rien ne vous oblige encore à l'utiliser.",4,3,2,3,male,null,true,[],[]
1089,v1_0304,v1,action,Parle sale,"Pendant les deux prochaines minutes, interdiction de parler comme des gens convenables. Dites ce que vous voulez faire, où vous voulez la bouche, les mains ou le sexe de l'autre, avec votre vocabulaire le plus cru.",4,3,1,3,null,120,true,[],[]
1090,v1_0305,v1,action,Masturbe-moi,"Demande à {{partner}} de te masturber. Pendant deux minutes, guide son rythme uniquement avec ta voix.",3,3,3,2,null,120,true,[],[]
1091,v1_0306,v1,action,Regarde,Masturbe-toi devant {{partner}} jusqu'à ce que tu sentes que son envie de te toucher devient évidente. Il ou elle n'a toujours pas le droit.,3,3,3,3,null,null,true,[],[]
1092,v1_0307,v1,action,Tes seins à lui,"{{active}}, prends les mains de {{partner}} et place-les sur tes seins. Pendant une minute, c'est lui qui décide du rythme.",3,3,3,2,female,60,true,[],[]
1093,v1_0308,v1,action,Le string entre les dents,"{{active}}, laisse {{partner}} retirer ton string lentement sans utiliser ses mains.",3,3,2,3,female,null,true,[],[]
1094,v1_0309,v1,action,Le string noir,{{active}} ne garde qu'un string et éventuellement ses chaussures. {{partner}} dispose de trois minutes pour profiter de cette tenue sans l'enlever.,3,3,3,3,female,180,true,[],[]
1095,v1_0310,v1,action,Ne disparais pas,"Après le prochain orgasme de l'un de vous, restez volontairement proches pendant une minute au lieu de vous rhabiller ou de passer immédiatement à autre chose.",4,2,2,2,null,60,true,[],[]
1096,v1_0311,v1,action,Son string,"{{active}}, si {{partner}} porte un string, garde-le quelques instants après l'avoir retiré et prends le temps de profiter de ce qu'il garde encore d'elle.",3,3,2,3,male,null,true,[],[]
1097,v1_0312,v1,action,Le cul en premier,"{{active}}, demande à {{partner}} de se mettre à quatre pattes. Prends une minute uniquement pour son cul avant de décider ce qui vient ensuite.",4,3,3,3,male,60,true,[],[]
1098,v1_0313,v1,action,Montre ton cul,"{{active}}, mets-toi dans la position que {{partner}} te demande et offre-lui simplement la vue de ton cul pendant trente secondes. Il ne peut pas encore toucher. Il peut en revanche décider que la vue mérite une photo.",4,3,2,3,female,30,true,[],[]
1099,v1_0314,v1,action,Entre ses mains,"{{active}}, donne entièrement ton sexe aux mains de {{partner}} pendant deux minutes. Elle choisit le rythme, la pression et les pauses.",4,3,3,2,male,120,true,[],[]
1100,v1_0315,v1,action,Partage,"{{active}}, après une fellation où {{partner}} a reçu ton sperme dans sa bouche, laissez le prochain baiser faire partie du jeu au lieu de nettoyer ou de passer immédiatement à autre chose.",2,3,3,3,male,null,true,[],[]
1101,v1_0316,v1,action,Dans sa bouche,"{{active}}, si vous êtes d'accord tous les deux, lorsque tu jouiras pendant une fellation, laisse {{partner}} décider si elle veut garder ton sperme dans sa bouche quelques instants avant de poursuivre la scène.",2,3,3,3,male,null,true,[],[]
1102,v1_0317,v1,action,Gode et clitoris,"{{active}}, laisse {{partner}} utiliser un gode et s’occuper de ton clitoris en même temps jusqu’à ce que tu lui demandes d’arrêter.",4,3,3,3,female,null,true,[],[]
1103,v1_0318,v1,action,Elle décide du rythme,"{{active}}, laisse {{partner}} te pénétrer avec son gode-ceinture dans une position choisie ensemble. Pendant deux minutes, elle dirige lentement le rythme pendant que tu lui dis clairement ce qui te fait du bien.",4,3,3,3,male,120,true,[],[]
1104,v1_0319,v1,action,Plug et fessée,"{{active}}, garde ton plug anal en place, tourne-toi et laisse {{partner}} alterner entre caresses et fessées pendant deux minutes.",4,3,3,3,female,120,true,[],[]
1105,v1_0320,v1,action,Pour elle seulement,"Pendant quatre minutes, tout tourne autour du plaisir de {{active}} : doigts, bouche, gode ou jouet. {{partner}} ne reçoit rien en retour.",3,3,3,3,female,240,true,[],[]
1106,v1_0321,v1,action,Avec le vibro,"{{active}}, donne ton vibromasseur à {{partner}} et demande-lui de te faire jouir avec.",4,3,3,3,female,null,true,[],[]
1107,v1_0322,v1,action,Deux orgasmes minimum,"{{active}}, si ton corps suit, {{partner}} essaie de te faire jouir deux fois avant que tu lui rendes quoi que ce soit. Après le premier orgasme, il ou elle ralentit juste assez pour te laisser repartir.",5,3,3,3,female,null,true,[],[]
1108,v1_0323,v1,action,Tu jouis quand je décide,"{{active}}, pendant cette scène, annonce chaque fois que tu approches de l'orgasme. {{partner}} décide de te laisser continuer, de ralentir ou de t'arrêter juste avant. Il ou elle finit par choisir le moment où tu as enfin le droit de jouir.",5,3,3,3,null,null,true,[],[]
1109,v1_0324,v1,action,Entre tes jambes,"{{active}}, allonge-toi, écarte les jambes et demande à {{partner}} de te faire jouir uniquement avec sa bouche.",4,3,3,3,female,null,true,[],[]
1110,v1_0325,v1,action,Le string et le gode,{{active}} ne garde qu'un string. {{partner}} choisit un gode et construit la scène autour de ces deux éléments pendant quatre minutes.,3,3,3,3,female,240,true,[],[]
1111,v1_0326,v1,action,Plug sous la robe,"{{active}} met son plug anal, remet une robe ou une jupe et garde uniquement un string dessous. Pendant quatre minutes, {{partner}} contrôle ce qui reste caché et ce qui ne l'est plus.",3,3,3,3,female,240,true,[],[]
1112,v1_0327,v1,action,Son plug,"{{active}}, mets {{partner}} à quatre pattes. Vérifie son plug anal, joue avec son cul et décide quand elle peut changer de position.",3,3,3,3,male,null,true,[],[]
1113,v1_0328,v1,action,Prépare-moi,"{{active}}, mets-toi à quatre pattes devant {{partner}}. Avec beaucoup de lubrifiant, laisse-la préparer lentement ton cul avec ses doigts ou un petit plug avant d'aller éventuellement plus loin.",3,3,3,3,male,null,true,[],[]
1114,v1_0329,v1,action,Sur ton cul,"{{active}}, si le moment convient plus tard, mets-toi à quatre pattes et demande clairement à {{partner}} de jouir sur ton cul.",4,3,2,3,female,null,true,[],[]
1115,v1_0330,v1,action,Embrasse-moi après,"{{active}}, si {{partner}} vient de recevoir ton sperme dans sa bouche et que vous en avez tous les deux envie, embrasse-la immédiatement après sans interrompre la scène.",5,3,3,3,male,null,true,[],[]
1116,v1_0331,v1,action,Embrasse-moi comme ça,"{{active}}, après que {{partner}} a reçu ton sperme dans sa bouche, embrasse-la longuement sans interrompre la scène. Ne transformez pas immédiatement l'instant en nettoyage.",5,3,3,3,male,null,true,[],[]
1117,v1_0332,v1,action,Avec sa bouche,"{{active}}, demande à {{partner}} de te faire jouir uniquement avec sa bouche.",4,3,3,3,female,null,true,[],[]
1118,v1_0333,v1,action,Tout pour tes seins,"{{active}}, laisse {{partner}} prendre deux minutes uniquement pour tes seins avec ses mains et sa bouche.",3,3,3,2,female,120,true,[],[]
1119,v1_0334,v1,action,Sur ta lingerie,"{{active}}, garde un string ou une pièce de lingerie que tu acceptes de salir. Si {{partner}} jouit pendant la suite de la partie, propose-lui de finir dessus pendant que tu la portes encore.",3,3,2,3,female,null,true,[],[]
1120,v1_0335,v1,action,Sa fellation,"{{active}}, installe {{partner}} à genoux et laisse-la te faire une fellation pendant deux minutes. Guide-la uniquement avec tes mains et quelques mots.",2,3,3,3,male,120,true,[],[]
1121,v1_0336,v1,action,Elle décide,"{{active}}, mets-toi à quatre pattes devant {{partner}}. Elle décide si elle veut simplement te toucher le cul, utiliser un doigt ou prendre un jouet.",3,3,3,3,male,null,true,[],[]
1122,v1_0337,v1,action,Fellation sous contrôle,"{{active}} s’installe confortablement. Pendant trois minutes, {{partner}} prend complètement le contrôle de la fellation. Tu ne donnes aucune instruction.",2,3,3,3,male,180,true,[],[]
1123,v1_0338,v1,action,Avec tes doigts,"{{active}}, après que {{partner}} a joui en toi ou sur toi, récupère un peu de sperme avec tes doigts et joue quelques instants avec sur ton corps.",3,3,3,3,female,null,true,[],[]
1124,v1_0339,v1,action,Avec ses doigts,"{{active}}, après avoir joui sur ou en {{partner}}, utilise tes doigts pour jouer quelques instants avec le sperme que tu viens de laisser sur elle.",3,3,3,3,male,null,true,[],[]
1125,v1_0340,v1,action,Goûte-moi,"{{active}}, après que {{partner}} a joui sur toi, récupère un peu de sperme avec ton doigt et goûte-le devant lui.",3,3,2,3,female,null,true,[],[]
1126,v1_0341,v1,action,"Deux trous, un seul rythme","{{active}}, choisis une combinaison vaginale et anale que vous avez réellement envie d'essayer avec jouet, doigts ou sexe. {{partner}} coordonne les deux pendant une minute en suivant tes réactions.",3,3,3,3,female,60,true,[],[]
1127,v1_0342,v1,action,"À genoux, bouche ouverte","{{active}}, mets-toi à genoux devant {{partner}}, regarde-le ou regarde-la et attends bouche ouverte. {{partner}} choisit ce qu'il ou elle veut te donner : baiser, doigts, sexe, goût ou simplement l'attente.",3,3,2,3,null,null,true,[],[]
1128,v1_0343,v1,action,Regarde-toi jouir,"{{active}}, place un miroir ou la caméra de façon à pouvoir regarder ton propre visage et ton corps pendant que {{partner}} essaie de te faire jouir. Tu n'as pas le droit de détourner volontairement les yeux au moment où ça arrive.",4,3,3,3,null,null,true,[],[]
1129,v1_0344,v1,action,Gode et contrôle,"{{active}}, donne ton gode à {{partner}}. Pendant trois minutes, c'est lui qui décide exactement comment il est utilisé sur toi.",4,3,3,3,female,180,true,[],[]
1130,v1_0345,v1,action,Ma bouche,"{{active}}, dis à {{partner}} exactement ce que tu veux que sa langue fasse pendant le prochain cunnilingus.",2,2,3,2,female,null,true,[],[]
1131,v1_0346,v1,action,Son gode,"{{active}}, choisis le gode de {{partner}} et utilise-le sur elle pendant trois minutes. Elle peut te guider avec sa voix, mais pas avec ses mains.",4,3,3,3,male,180,true,[],[]
1132,v1_0347,v1,action,Vilaine,"{{active}} annonce à {{partner}} qu'elle mérite une punition. Pendant quatre minutes, {{partner}} alterne fessées, interdictions et plaisir selon son envie.",3,3,3,3,female,240,true,[],[]
1133,v1_0348,v1,action,Au bord,"{{active}}, laisse {{partner}} t’amener aussi près que possible de l’orgasme. Dès qu’elle pense que tu y es presque, elle s’arrête.",5,3,3,3,male,null,true,[],[]
1134,v1_0349,v1,action,Ton plug,"{{active}}, choisis un plug anal, lubrifie-le et laisse {{partner}} t’aider à le mettre. Garde-le pour les deux prochaines cartes.",3,3,3,3,male,null,true,[],"[{""title"":""Ton plug"",""active"":true,""rule_key"":""legacy_plug"",""rule_text"":""Garde le plug jusqu’à expiration de cette règle."",""target_mode"":""active"",""duration_turns"":2}]"
1135,v1_0350,v1,action,À elle de décider,"{{active}} reste entièrement passif pendant quatre minutes. {{partner}} décide seule si elle utilise ses mains, sa bouche, un jouet ou simplement la frustration.",4,3,3,3,male,240,true,[],[]
1136,v1_0351,v1,action,Son rythme,"{{active}}, laisse {{partner}} te masturber pendant deux minutes entièrement à son rythme. Tu ne diriges rien.",3,3,3,2,female,120,true,[],[]
1137,v1_0352,v1,action,Fais-moi jouir,"{{active}}, allonge-toi et demande clairement à {{partner}} de te faire jouir. Il choisit comment.",4,3,3,3,female,null,true,[],[]
1138,v1_0353,v1,action,Pas encore,"{{active}}, {{partner}} doit t’amener très près de l’orgasme puis s’arrêter. Pendant trente secondes, il n’a plus le droit de te toucher.",5,3,3,3,female,30,true,[],[]
1139,v1_0354,v1,action,Bandeau,"{{active}} garde les yeux bandés pendant quatre minutes. {{partner}} peut utiliser ses mains, sa bouche ou un jouet sans annoncer ce qu’il choisit.",4,3,3,3,female,240,true,[],[]
1140,v1_0355,v1,action,Orgasme interdit,"Pendant trois minutes, {{partner}} fait tout pour amener {{active}} au bord de l’orgasme mais doit s’arrêter avant.",5,3,3,3,female,180,true,[],[]
1141,v1_0356,v1,scene,La prisonnière,Une prisonnière adulte fictive reçoit une convocation dans le bureau du directeur.,3,3,2,3,null,null,true,"[{""title"":""Décor"",""prompt"":""Installez une chaise face au bureau. La prisonnière reçoit une enveloppe dont elle ignore encore le contenu."",""step_no"":1,""title_active"":null,""prompt_active"":null,""title_partner"":null,""prompt_partner"":null,""title_player_1"":null,""title_player_2"":null,""prompt_player_1"":null,""prompt_player_2"":null},{""title"":""Missions secrètes"",""prompt"":""Lisez chacun votre objectif sans montrer l’écran."",""step_no"":2,""title_active"":""Obtiens la confession"",""prompt_active"":""Tu dois faire reconnaître un délit inventé en quatre questions exactement."",""title_partner"":""Protège ton dossier"",""prompt_partner"":""Tu possèdes une pièce qui pourrait innocenter ton personnage. Ne la révèle pas avant la quatrième question."",""title_player_1"":null,""title_player_2"":null,""prompt_player_1"":null,""prompt_player_2"":null},{""title"":""La confrontation"",""prompt"":""L’interrogatoire commence. Après la quatrième question, la prisonnière ouvre son enveloppe."",""step_no"":3,""title_active"":null,""prompt_active"":null,""title_partner"":null,""prompt_partner"":null,""title_player_1"":null,""title_player_2"":null,""prompt_player_1"":null,""prompt_player_2"":null},{""title"":""Le retournement"",""prompt"":""Le document prouve que le directeur a inventé l’accusation. Échangez immédiatement vos places et vos fonctions."",""step_no"":4,""title_active"":null,""prompt_active"":null,""title_partner"":null,""prompt_partner"":null,""title_player_1"":null,""title_player_2"":null,""prompt_player_1"":null,""prompt_player_2"":null},{""title"":""Dernier acte"",""prompt"":""La nouvelle responsable prononce le verdict et indique quel personnage dirigera la prochaine carte."",""step_no"":5,""title_active"":null,""prompt_active"":null,""title_partner"":null,""prompt_partner"":null,""title_player_1"":null,""title_player_2"":null,""prompt_player_1"":null,""prompt_player_2"":null}]",[]
1142,v1_0357,v1,scene,Le professeur après les cours,"Un formateur et une participante, tous deux adultes, se retrouvent après un séminaire fictif.",3,3,2,3,null,null,true,"[{""title"":""Décor"",""prompt"":""Transformez la cuisine en salle de formation et préparez une feuille de convocation."",""step_no"":1,""title_active"":null,""prompt_active"":null,""title_partner"":null,""prompt_partner"":null,""title_player_1"":null,""title_player_2"":null,""prompt_player_1"":null,""prompt_player_2"":null},{""title"":""Missions secrètes"",""prompt"":""Lisez chacun votre objectif sans montrer l’écran."",""step_no"":2,""title_active"":""Impose une épreuve"",""prompt_active"":""Prépare trois questions très directes sur les préférences sexuelles de la participante."",""title_partner"":""Renverse la leçon"",""prompt_partner"":""Invente une question inattendue à laquelle le formateur devra répondre sans hésiter."",""title_player_1"":null,""title_player_2"":null,""prompt_player_1"":null,""prompt_player_2"":null},{""title"":""La confrontation"",""prompt"":""Le formateur interroge la participante, puis découvre qu’un jury imaginaire a observé la séance."",""step_no"":3,""title_active"":null,""prompt_active"":null,""title_partner"":null,""prompt_partner"":null,""title_player_1"":null,""title_player_2"":null,""prompt_player_1"":null,""prompt_player_2"":null},{""title"":""Le retournement"",""prompt"":""La participante devient examinatrice. Elle utilise sa question préparée et impose trente secondes de réponse."",""step_no"":4,""title_active"":null,""prompt_active"":null,""title_partner"":null,""prompt_partner"":null,""title_player_1"":null,""title_player_2"":null,""prompt_player_1"":null,""prompt_player_2"":null},{""title"":""Dernier acte"",""prompt"":""Le nouvel examinateur attribue une appréciation fictive et annonce un prochain rendez-vous entre adultes."",""step_no"":5,""title_active"":null,""prompt_active"":null,""title_partner"":null,""prompt_partner"":null,""title_player_1"":null,""title_player_2"":null,""prompt_player_1"":null,""prompt_player_2"":null}]",[]
1143,v1_0358,v1,scene,Le cabinet interdit,Une consultation médicale entièrement fictive entre deux personnages adultes cache une autre raison de visite.,3,3,2,3,null,null,true,"[{""title"":""Décor"",""prompt"":""Préparez le bureau médical imaginaire avec une chaise et une fiche de consultation."",""step_no"":1,""title_active"":null,""prompt_active"":null,""title_partner"":null,""prompt_partner"":null,""title_player_1"":null,""title_player_2"":null,""prompt_player_1"":null,""prompt_player_2"":null},{""title"":""Missions secrètes"",""prompt"":""Lisez chacun votre objectif sans montrer l’écran."",""step_no"":2,""title_active"":""Trouve l’autre motif"",""prompt_active"":""Pose cinq questions pour découvrir pourquoi ton patient fictif a réellement pris rendez-vous."",""title_partner"":""Change le diagnostic"",""prompt_partner"":""Après la troisième question, annonce que le praticien se trompe de dossier."",""title_player_1"":null,""title_player_2"":null,""prompt_player_1"":null,""prompt_player_2"":null},{""title"":""La confrontation"",""prompt"":""Le praticien mène trois questions puis le patient interrompt la consultation avec son annonce."",""step_no"":3,""title_active"":null,""prompt_active"":null,""title_partner"":null,""prompt_partner"":null,""title_player_1"":null,""title_player_2"":null,""prompt_player_1"":null,""prompt_player_2"":null},{""title"":""Le retournement"",""prompt"":""PROTOCOL révèle que le praticien est devenu le véritable patient d’un entretien de recrutement."",""step_no"":4,""title_active"":null,""prompt_active"":null,""title_partner"":null,""prompt_partner"":null,""title_player_1"":null,""title_player_2"":null,""prompt_player_1"":null,""prompt_player_2"":null},{""title"":""Dernier acte"",""prompt"":""Le nouveau responsable délivre un diagnostic humoristique et fixe le thème de la prochaine scène."",""step_no"":5,""title_active"":null,""prompt_active"":null,""title_partner"":null,""prompt_partner"":null,""title_player_1"":null,""title_player_2"":null,""prompt_player_1"":null,""prompt_player_2"":null}]",[]
1144,v1_0359,v1,scene,Les deux inconnus,"Deux adultes se rencontrent dans un bar fictif, chacun croyant avoir reconnu l’autre.",2,3,2,3,null,null,true,"[{""title"":""Décor"",""prompt"":""Installez deux sièges séparés ; chaque personnage invente une profession et un secret."",""step_no"":1,""title_active"":null,""prompt_active"":null,""title_partner"":null,""prompt_partner"":null,""title_player_1"":null,""title_player_2"":null,""prompt_player_1"":null,""prompt_player_2"":null},{""title"":""Missions secrètes"",""prompt"":""Lisez chacun votre objectif sans montrer l’écran."",""step_no"":2,""title_active"":""Obtiens une invitation"",""prompt_active"":""Tu dois obtenir une invitation sans avouer que tu confonds ton interlocuteur avec quelqu’un d’autre."",""title_partner"":""Révèle l’erreur"",""prompt_partner"":""Tu sais que vous ne vous êtes jamais rencontrés. Laisse naître la fausse familiarité."",""title_player_1"":null,""title_player_2"":null,""prompt_player_1"":null,""prompt_player_2"":null},{""title"":""La confrontation"",""prompt"":""La conversation commence. Chaque personnage évoque un souvenir inventé qu’il attribue à l’autre."",""step_no"":3,""title_active"":null,""prompt_active"":null,""title_partner"":null,""prompt_partner"":null,""title_player_1"":null,""title_player_2"":null,""prompt_player_1"":null,""prompt_player_2"":null},{""title"":""Le retournement"",""prompt"":""Les deux souvenirs deviennent incompatibles : vous devez improviser une explication commune en trente secondes."",""step_no"":4,""title_active"":null,""prompt_active"":null,""title_partner"":null,""prompt_partner"":null,""title_player_1"":null,""title_player_2"":null,""prompt_player_1"":null,""prompt_player_2"":null},{""title"":""Dernier acte"",""prompt"":""L’un propose un véritable nouveau rendez-vous fictif avec lieu et heure, l’autre accepte ou refuse dans son personnage."",""step_no"":5,""title_active"":null,""prompt_active"":null,""title_partner"":null,""prompt_partner"":null,""title_player_1"":null,""title_player_2"":null,""prompt_player_1"":null,""prompt_player_2"":null}]",[]
1145,v1_0360,v1,scene,La liaison clandestine,Deux amants fictifs adultes organisent une rencontre secrète dans une maison imaginaire.,2,3,2,3,null,null,true,"[{""title"":""Décor"",""prompt"":""Le joueur actif prépare la cuisine ; l’autre attend un SMS codé dans une autre pièce."",""step_no"":1,""title_active"":null,""prompt_active"":null,""title_partner"":null,""prompt_partner"":null,""title_player_1"":null,""title_player_2"":null,""prompt_player_1"":null,""prompt_player_2"":null},{""title"":""Missions secrètes"",""prompt"":""Lisez chacun votre objectif sans montrer l’écran."",""step_no"":2,""title_active"":""Cache ton rendez-vous"",""prompt_active"":""Tu dois laisser trois faux indices sur le lieu prévu et révéler la vérité au dernier moment."",""title_partner"":""Trouve la véritable porte"",""prompt_partner"":""Tu connais déjà la cuisine, mais tu dois paraître croire aux indices trompeurs."",""title_player_1"":null,""title_player_2"":null,""prompt_player_1"":null,""prompt_player_2"":null},{""title"":""La confrontation"",""prompt"":""Les messages sont échangés. Chaque personnage n’a droit qu’à deux réponses avant de se déplacer."",""step_no"":3,""title_active"":null,""prompt_active"":null,""title_partner"":null,""prompt_partner"":null,""title_player_1"":null,""title_player_2"":null,""prompt_player_1"":null,""prompt_player_2"":null},{""title"":""Le retournement"",""prompt"":""Un appel fictif annonce un changement immédiat de destination. Le lieu devient la salle de bains."",""step_no"":4,""title_active"":null,""prompt_active"":null,""title_partner"":null,""prompt_partner"":null,""title_player_1"":null,""title_player_2"":null,""prompt_player_1"":null,""prompt_player_2"":null},{""title"":""Dernier acte"",""prompt"":""Les personnages se retrouvent dans le nouveau décor et organisent en une phrase leur prochaine rencontre."",""step_no"":5,""title_active"":null,""prompt_active"":null,""title_partner"":null,""prompt_partner"":null,""title_player_1"":null,""title_player_2"":null,""prompt_player_1"":null,""prompt_player_2"":null}]",[]
1146,v1_0361,v1,scene,Le témoin derrière la vitre,Deux partenaires consentants jouent un scénario d’observation privée au travers d’une porte vitrée imaginaire.,2,3,2,3,null,null,true,"[{""title"":""Décor"",""prompt"":""Placez-vous de part et d’autre d’une porte ou d’un miroir et interdisez la parole pendant une minute."",""step_no"":1,""title_active"":null,""prompt_active"":null,""title_partner"":null,""prompt_partner"":null,""title_player_1"":null,""title_player_2"":null,""prompt_player_1"":null,""prompt_player_2"":null},{""title"":""Missions secrètes"",""prompt"":""Lisez chacun votre objectif sans montrer l’écran."",""step_no"":2,""title_active"":""Transmets une invitation"",""prompt_active"":""Fais deviner à {{partner}} un lieu précis uniquement avec trois gestes."",""title_partner"":""Cache ton intention"",""prompt_partner"":""Tu dois faire croire à une destination différente puis transmettre le véritable indice."",""title_player_1"":null,""title_player_2"":null,""prompt_player_1"":null,""prompt_player_2"":null},{""title"":""La confrontation"",""prompt"":""Les indices gestuels sont échangés. Chacun note séparément le lieu qu’il croit avoir compris."",""step_no"":3,""title_active"":null,""prompt_active"":null,""title_partner"":null,""prompt_partner"":null,""title_player_1"":null,""title_player_2"":null,""prompt_player_1"":null,""prompt_player_2"":null},{""title"":""Le retournement"",""prompt"":""PROTOCOL annonce que l’observateur doit à présent devenir le personnage observé : inversez les postes."",""step_no"":4,""title_active"":null,""prompt_active"":null,""title_partner"":null,""prompt_partner"":null,""title_player_1"":null,""title_player_2"":null,""prompt_player_1"":null,""prompt_player_2"":null},{""title"":""Dernier acte"",""prompt"":""Rejoignez-vous dans le véritable lieu révélé et expliquez quels gestes vous ont trompés."",""step_no"":5,""title_active"":null,""prompt_active"":null,""title_partner"":null,""prompt_partner"":null,""title_player_1"":null,""title_player_2"":null,""prompt_player_1"":null,""prompt_player_2"":null}]",[]
1147,v1_0362,v1,scene,L’inspection des menottes,Un inspecteur adulte entre dans une prison fictive pour contrôler la procédure du directeur.,3,3,2,3,null,null,true,"[{""title"":""Décor"",""prompt"":""Disposez les menottes et leur clé sur la table comme accessoires de décor, sans attacher personne."",""step_no"":1,""title_active"":null,""prompt_active"":null,""title_partner"":null,""prompt_partner"":null,""title_player_1"":null,""title_player_2"":null,""prompt_player_1"":null,""prompt_player_2"":null},{""title"":""Missions secrètes"",""prompt"":""Lisez chacun votre objectif sans montrer l’écran."",""step_no"":2,""title_active"":""Trouve trois infractions"",""prompt_active"":""Découvre trois écarts fictifs dans le règlement du directeur, sans révéler ton mandat secret."",""title_partner"":""Renverse l’autorité"",""prompt_partner"":""Le troisième contrôle doit révéler que l’inspecteur possède lui-même un faux dossier."",""title_player_1"":null,""title_player_2"":null,""prompt_player_1"":null,""prompt_player_2"":null},{""title"":""La confrontation"",""prompt"":""L’inspection se déroule comme une confrontation verbale entre deux personnages très sûrs d’eux."",""step_no"":3,""title_active"":null,""prompt_active"":null,""title_partner"":null,""prompt_partner"":null,""title_player_1"":null,""title_player_2"":null,""prompt_player_1"":null,""prompt_player_2"":null},{""title"":""Le retournement"",""prompt"":""Le directeur trouve le dossier et convoque l’inspecteur sur l’autre chaise."",""step_no"":4,""title_active"":null,""prompt_active"":null,""title_partner"":null,""prompt_partner"":null,""title_player_1"":null,""title_player_2"":null,""prompt_player_1"":null,""prompt_player_2"":null},{""title"":""Dernier acte"",""prompt"":""Le nouveau responsable annonce les prochaines règles et rend symboliquement les clés."",""step_no"":5,""title_active"":null,""prompt_active"":null,""title_partner"":null,""prompt_partner"":null,""title_player_1"":null,""title_player_2"":null,""prompt_player_1"":null,""prompt_player_2"":null}]",[]
1148,v1_0363,v1,scene,La dernière chambre d’hôtel,Un hôtel imaginaire annonce que deux réservations fictives concernent exactement la même chambre.,2,3,2,3,null,null,true,"[{""title"":""Décor"",""prompt"":""Préparez une enveloppe avec un numéro de chambre et deux identités adultes fictives."",""step_no"":1,""title_active"":null,""prompt_active"":null,""title_partner"":null,""prompt_partner"":null,""title_player_1"":null,""title_player_2"":null,""prompt_player_1"":null,""prompt_player_2"":null},{""title"":""Missions secrètes"",""prompt"":""Lisez chacun votre objectif sans montrer l’écran."",""step_no"":2,""title_active"":""Conserve la chambre"",""prompt_active"":""Trouve trois raisons de garder la réservation tout en cherchant à faire rester l’autre personnage."",""title_partner"":""Obtiens un aveu"",""prompt_partner"":""Tu connais la véritable raison du doublon : les réservations ont été faites par la même personne."",""title_player_1"":null,""title_player_2"":null,""prompt_player_1"":null,""prompt_player_2"":null},{""title"":""La confrontation"",""prompt"":""Négociez le partage de la chambre ; chaque personnage expose une version différente de la réservation."",""step_no"":3,""title_active"":null,""prompt_active"":null,""title_partner"":null,""prompt_partner"":null,""title_player_1"":null,""title_player_2"":null,""prompt_player_1"":null,""prompt_player_2"":null},{""title"":""Le retournement"",""prompt"":""L’enveloppe contient une seconde réservation : la rencontre était organisée depuis le début."",""step_no"":4,""title_active"":null,""prompt_active"":null,""title_partner"":null,""prompt_partner"":null,""title_player_1"":null,""title_player_2"":null,""prompt_player_1"":null,""prompt_player_2"":null},{""title"":""Dernier acte"",""prompt"":""Le responsable secret révèle son identité et propose un nouveau rendez-vous dans un autre lieu de la maison."",""step_no"":5,""title_active"":null,""prompt_active"":null,""title_partner"":null,""prompt_partner"":null,""title_player_1"":null,""title_player_2"":null,""prompt_player_1"":null,""prompt_player_2"":null}]",[]
1149,v1_0364,v1,scene,Le casting clandestin,Un producteur adulte organise un casting secret pour une publicité imaginaire très suggestive.,2,3,2,3,null,null,true,"[{""title"":""Décor"",""prompt"":""Installe un espace d’audition avec une chaise, un miroir et deux enveloppes."",""step_no"":1,""title_active"":null,""prompt_active"":null,""title_partner"":null,""prompt_partner"":null,""title_player_1"":null,""title_player_2"":null,""prompt_player_1"":null,""prompt_player_2"":null},{""title"":""Missions secrètes"",""prompt"":""Lisez chacun votre objectif sans montrer l’écran."",""step_no"":2,""title_active"":""Change le personnage"",""prompt_active"":""Fais adopter au candidat trois attitudes successives, sans annoncer le véritable rôle."",""title_partner"":""Garde ton objectif"",""prompt_partner"":""Tu dois obtenir l’inversion des rôles avant la fin de la deuxième audition."",""title_player_1"":null,""title_player_2"":null,""prompt_player_1"":null,""prompt_player_2"":null},{""title"":""La confrontation"",""prompt"":""Le candidat passe une première épreuve d’improvisation puis reçoit une nouvelle identité fictive."",""step_no"":3,""title_active"":null,""prompt_active"":null,""title_partner"":null,""prompt_partner"":null,""title_player_1"":null,""title_player_2"":null,""prompt_player_1"":null,""prompt_player_2"":null},{""title"":""Le retournement"",""prompt"":""PROTOCOL révèle que le candidat dirige en réalité le casting et connaissait toutes les questions."",""step_no"":4,""title_active"":null,""prompt_active"":null,""title_partner"":null,""prompt_partner"":null,""title_player_1"":null,""title_player_2"":null,""prompt_player_1"":null,""prompt_player_2"":null},{""title"":""Dernier acte"",""prompt"":""Le nouveau directeur impose une dernière audition de trente secondes à l’ancien producteur."",""step_no"":5,""title_active"":null,""prompt_active"":null,""title_partner"":null,""prompt_partner"":null,""title_player_1"":null,""title_player_2"":null,""prompt_player_1"":null,""prompt_player_2"":null}]",[]
1150,v1_0365,v1,scene,Le studio photo privé,Un photographe et un modèle adulte organisent une séance strictement privée.,2,3,2,3,null,null,true,"[{""title"":""Décor"",""prompt"":""Disposez une chaise et un miroir pour créer trois décors distincts dans la chambre."",""step_no"":1,""title_active"":null,""prompt_active"":null,""title_partner"":null,""prompt_partner"":null,""title_player_1"":null,""title_player_2"":null,""prompt_player_1"":null,""prompt_player_2"":null},{""title"":""Missions secrètes"",""prompt"":""Lisez chacun votre objectif sans montrer l’écran."",""step_no"":2,""title_active"":""Compose la série"",""prompt_active"":""Tes trois poses doivent raconter une histoire allant de la méfiance à la complicité."",""title_partner"":""Change la dernière image"",""prompt_partner"":""Tu dois imposer secrètement un retournement de situation sur la troisième composition."",""title_player_1"":null,""title_player_2"":null,""prompt_player_1"":null,""prompt_player_2"":null},{""title"":""La confrontation"",""prompt"":""Le photographe dirige les deux premières compositions ; chaque pose possède un titre secret."",""step_no"":3,""title_active"":null,""prompt_active"":null,""title_partner"":null,""prompt_partner"":null,""title_player_1"":null,""title_player_2"":null,""prompt_player_1"":null,""prompt_player_2"":null},{""title"":""Le retournement"",""prompt"":""Le modèle prend l’appareil imaginaire et dirige entièrement la dernière composition."",""step_no"":4,""title_active"":null,""prompt_active"":null,""title_partner"":null,""prompt_partner"":null,""title_player_1"":null,""title_player_2"":null,""prompt_player_1"":null,""prompt_player_2"":null},{""title"":""Dernier acte"",""prompt"":""Choisissez la photographie imaginaire qui résume le mieux cette histoire sans obligation d’en prendre une vraie."",""step_no"":5,""title_active"":null,""prompt_active"":null,""title_partner"":null,""prompt_partner"":null,""title_player_1"":null,""title_player_2"":null,""prompt_player_1"":null,""prompt_player_2"":null}]",[]
1151,v1_0366,v1,scene,Le cambriolage à deux,Deux cambrioleurs fictifs adultes entrent dans la même demeure sans appartenir à la même équipe.,2,3,2,3,null,null,true,"[{""title"":""Décor"",""prompt"":""Placez trois enveloppes dans le salon ; chacune représente un objet dérobé."",""step_no"":1,""title_active"":null,""prompt_active"":null,""title_partner"":null,""prompt_partner"":null,""title_player_1"":null,""title_player_2"":null,""prompt_player_1"":null,""prompt_player_2"":null},{""title"":""Missions secrètes"",""prompt"":""Lisez chacun votre objectif sans montrer l’écran."",""step_no"":2,""title_active"":""Protège le vrai butin"",""prompt_active"":""Conserve secrètement une enveloppe et tente d’obtenir l’autre sans dévoiler ton identité."",""title_partner"":""Identifie le faux objet"",""prompt_partner"":""L’une des enveloppes ne contient qu’un leurre : fais en sorte que ton partenaire la choisisse."",""title_player_1"":null,""title_player_2"":null,""prompt_player_1"":null,""prompt_player_2"":null},{""title"":""La confrontation"",""prompt"":""Les personnages négocient un échange en donnant des informations contradictoires."",""step_no"":3,""title_active"":null,""prompt_active"":null,""title_partner"":null,""prompt_partner"":null,""title_player_1"":null,""title_player_2"":null,""prompt_player_1"":null,""prompt_player_2"":null},{""title"":""Le retournement"",""prompt"":""Une alarme imaginaire retentit ; vous devez décider en trente secondes de coopérer ou de vous trahir."",""step_no"":4,""title_active"":null,""prompt_active"":null,""title_partner"":null,""prompt_partner"":null,""title_player_1"":null,""title_player_2"":null,""prompt_player_1"":null,""prompt_player_2"":null},{""title"":""Dernier acte"",""prompt"":""Dévoilez vos enveloppes et attribuez au vainqueur le choix du prochain décor."",""step_no"":5,""title_active"":null,""prompt_active"":null,""title_partner"":null,""prompt_partner"":null,""title_player_1"":null,""title_player_2"":null,""prompt_player_1"":null,""prompt_player_2"":null}]",[]
1152,v1_0367,v1,scene,Le casino privé,Un casino clandestin fictif réserve sa dernière table à deux adultes jouant à un jeu de secrets.,2,3,2,3,null,null,true,"[{""title"":""Décor"",""prompt"":""Préparez chacun trois jetons en papier et une carte portant un fantasme écrit."",""step_no"":1,""title_active"":null,""prompt_active"":null,""title_partner"":null,""prompt_partner"":null,""title_player_1"":null,""title_player_2"":null,""prompt_player_1"":null,""prompt_player_2"":null},{""title"":""Missions secrètes"",""prompt"":""Lisez chacun votre objectif sans montrer l’écran."",""step_no"":2,""title_active"":""Récupère tous les jetons"",""prompt_active"":""Tu dois pousser l’autre joueur à révéler sa carte avant le troisième pari."",""title_partner"":""Gagne sans dévoiler"",""prompt_partner"":""Tu dois faire perdre trois paris à ton adversaire sans révéler ton propre mot."",""title_player_1"":null,""title_player_2"":null,""prompt_player_1"":null,""prompt_player_2"":null},{""title"":""La confrontation"",""prompt"":""Misez successivement sur trois affirmations concernant vos préférences sexuelles."",""step_no"":3,""title_active"":null,""prompt_active"":null,""title_partner"":null,""prompt_partner"":null,""title_player_1"":null,""title_player_2"":null,""prompt_player_1"":null,""prompt_player_2"":null},{""title"":""Le retournement"",""prompt"":""Le Directeur annonce que la valeur des jetons est désormais doublée, mais seulement pour le dernier pari."",""step_no"":4,""title_active"":null,""prompt_active"":null,""title_partner"":null,""prompt_partner"":null,""title_player_1"":null,""title_player_2"":null,""prompt_player_1"":null,""prompt_player_2"":null},{""title"":""Dernier acte"",""prompt"":""Le gagnant choisit la thématique d’une prochaine carte et rend les jetons."",""step_no"":5,""title_active"":null,""prompt_active"":null,""title_partner"":null,""prompt_partner"":null,""title_player_1"":null,""title_player_2"":null,""prompt_player_1"":null,""prompt_player_2"":null}]",[]
1153,v1_0368,v1,scene,L’agent double,Deux espions adultes doivent découvrir lequel d’entre eux travaille secrètement pour une autre agence imaginaire.,2,3,2,3,null,null,true,"[{""title"":""Décor"",""prompt"":""Cachez deux enveloppes portant des noms de code différents dans la chambre."",""step_no"":1,""title_active"":null,""prompt_active"":null,""title_partner"":null,""prompt_partner"":null,""title_player_1"":null,""title_player_2"":null,""prompt_player_1"":null,""prompt_player_2"":null},{""title"":""Missions secrètes"",""prompt"":""Lisez chacun votre objectif sans montrer l’écran."",""step_no"":2,""title_active"":""Vérifie le code"",""prompt_active"":""Obtiens de {{partner}} son mot de passe fictif avant de dévoiler le tien."",""title_partner"":""Introduis un faux signal"",""prompt_partner"":""Glisse le mot « miroir » dans la conversation sans éveiller les soupçons."",""title_player_1"":null,""title_player_2"":null,""prompt_player_1"":null,""prompt_player_2"":null},{""title"":""La confrontation"",""prompt"":""Une négociation commence avec trois questions autorisées pour chaque agent."",""step_no"":3,""title_active"":null,""prompt_active"":null,""title_partner"":null,""prompt_partner"":null,""title_player_1"":null,""title_player_2"":null,""prompt_player_1"":null,""prompt_player_2"":null},{""title"":""Le retournement"",""prompt"":""PROTOCOL annonce que vos deux missions étaient identiques : le véritable suspect est un personnage imaginaire commun."",""step_no"":4,""title_active"":null,""prompt_active"":null,""title_partner"":null,""prompt_partner"":null,""title_player_1"":null,""title_player_2"":null,""prompt_player_1"":null,""prompt_player_2"":null},{""title"":""Dernier acte"",""prompt"":""Écrivez ensemble une dernière instruction codée pour une autre carte."",""step_no"":5,""title_active"":null,""prompt_active"":null,""title_partner"":null,""prompt_partner"":null,""title_player_1"":null,""title_player_2"":null,""prompt_player_1"":null,""prompt_player_2"":null}]",[]
1154,v1_0369,v1,scene,La vedette et son admirateur,Une célébrité fictive adulte reçoit une visite strictement privée après un spectacle.,2,3,2,3,null,null,true,"[{""title"":""Décor"",""prompt"":""Installez deux chaises comme loge et préparez une invitation manuscrite."",""step_no"":1,""title_active"":null,""prompt_active"":null,""title_partner"":null,""prompt_partner"":null,""title_player_1"":null,""title_player_2"":null,""prompt_player_1"":null,""prompt_player_2"":null},{""title"":""Missions secrètes"",""prompt"":""Lisez chacun votre objectif sans montrer l’écran."",""step_no"":2,""title_active"":""Fais durer la visite"",""prompt_active"":""Ton personnage doit obtenir un prochain rendez-vous sans révéler qu’il a tout préparé."",""title_partner"":""Découvre l’imposture"",""prompt_partner"":""Tu reconnais une contradiction dans l’histoire de ton admirateur et dois la révéler."",""title_player_1"":null,""title_player_2"":null,""prompt_player_1"":null,""prompt_player_2"":null},{""title"":""La confrontation"",""prompt"":""La rencontre commence par un échange de souvenirs fictifs du spectacle."",""step_no"":3,""title_active"":null,""prompt_active"":null,""title_partner"":null,""prompt_partner"":null,""title_player_1"":null,""title_player_2"":null,""prompt_player_1"":null,""prompt_player_2"":null},{""title"":""Le retournement"",""prompt"":""Le visiteur est en réalité un journaliste imaginaire venu révéler un secret sans importance."",""step_no"":4,""title_active"":null,""prompt_active"":null,""title_partner"":null,""prompt_partner"":null,""title_player_1"":null,""title_player_2"":null,""prompt_player_1"":null,""prompt_player_2"":null},{""title"":""Dernier acte"",""prompt"":""La vedette improvise une réponse publique puis propose un rendez-vous privé fictif."",""step_no"":5,""title_active"":null,""prompt_active"":null,""title_partner"":null,""prompt_partner"":null,""title_player_1"":null,""title_player_2"":null,""prompt_player_1"":null,""prompt_player_2"":null}]",[]
1155,v1_0370,v1,scene,La villa surveillée,Deux adultes possèdent les codes d’une villa fictive dont les pièces sont supposées sous surveillance.,2,3,2,3,null,null,true,"[{""title"":""Décor"",""prompt"":""Dessinez un petit plan de la maison avec trois pièces et deux points de surveillance imaginaires."",""step_no"":1,""title_active"":null,""prompt_active"":null,""title_partner"":null,""prompt_partner"":null,""title_player_1"":null,""title_player_2"":null,""prompt_player_1"":null,""prompt_player_2"":null},{""title"":""Missions secrètes"",""prompt"":""Lisez chacun votre objectif sans montrer l’écran."",""step_no"":2,""title_active"":""Trouve le passage"",""prompt_active"":""Choisis secrètement une route en trois pièces et fais-la deviner sans révéler ton plan."",""title_partner"":""Brouille les pistes"",""prompt_partner"":""Utilise un seul faux indice pour envoyer ton partenaire vers une autre pièce."",""title_player_1"":null,""title_player_2"":null,""prompt_player_1"":null,""prompt_player_2"":null},{""title"":""La confrontation"",""prompt"":""Chaque joueur transmet successivement deux indices codés et suit la route qu’il croit exacte."",""step_no"":3,""title_active"":null,""prompt_active"":null,""title_partner"":null,""prompt_partner"":null,""title_player_1"":null,""title_player_2"":null,""prompt_player_1"":null,""prompt_player_2"":null},{""title"":""Le retournement"",""prompt"":""Une coupure de courant imaginaire invalide la dernière pièce indiquée ; changez de destination."",""step_no"":4,""title_active"":null,""prompt_active"":null,""title_partner"":null,""prompt_partner"":null,""title_player_1"":null,""title_player_2"":null,""prompt_player_1"":null,""prompt_player_2"":null},{""title"":""Dernier acte"",""prompt"":""Retrouvez-vous dans la pièce choisie et révélez vos itinéraires secrets."",""step_no"":5,""title_active"":null,""prompt_active"":null,""title_partner"":null,""prompt_partner"":null,""title_player_1"":null,""title_player_2"":null,""prompt_player_1"":null,""prompt_player_2"":null}]",[]
1156,v1_0371,v1,scene,Le tribunal des fantasmes,Deux adultes jouent un procès imaginaire autour d’un fantasme soigneusement gardé.,1,2,1,3,null,null,true,"[{""title"":""Décor"",""prompt"":""Préparez une table avec une enveloppe scellée et attribuez les rôles d’avocat et de témoin."",""step_no"":1,""title_active"":null,""prompt_active"":null,""title_partner"":null,""prompt_partner"":null,""title_player_1"":null,""title_player_2"":null,""prompt_player_1"":null,""prompt_player_2"":null},{""title"":""Missions secrètes"",""prompt"":""Lisez chacun votre objectif sans montrer l’écran."",""step_no"":2,""title_active"":""Obtiens la révélation"",""prompt_active"":""Fais révéler le thème du fantasme en exactement quatre questions."",""title_partner"":""Protège le dernier détail"",""prompt_partner"":""Accepte de dévoiler le thème, mais cache le dernier élément jusqu’au jugement."",""title_player_1"":null,""title_player_2"":null,""prompt_player_1"":null,""prompt_player_2"":null},{""title"":""La confrontation"",""prompt"":""L’avocat interroge le témoin. Chaque réponse doit contenir un indice réel ou fictif."",""step_no"":3,""title_active"":null,""prompt_active"":null,""title_partner"":null,""prompt_partner"":null,""title_player_1"":null,""title_player_2"":null,""prompt_player_1"":null,""prompt_player_2"":null},{""title"":""Le retournement"",""prompt"":""Le témoin produit une preuve qui inverse l’accusation et pose à son tour deux questions."",""step_no"":4,""title_active"":null,""prompt_active"":null,""title_partner"":null,""prompt_partner"":null,""title_player_1"":null,""title_player_2"":null,""prompt_player_1"":null,""prompt_player_2"":null},{""title"":""Dernier acte"",""prompt"":""La décision finale choisit un décor pour une future scène, sans imposer la réalisation du fantasme."",""step_no"":5,""title_active"":null,""prompt_active"":null,""title_partner"":null,""prompt_partner"":null,""title_player_1"":null,""title_player_2"":null,""prompt_player_1"":null,""prompt_player_2"":null}]",[]
1157,v1_0372,v1,scene,Le bal masqué,Deux personnages adultes se rencontrent lors d’un bal privé où les identités restent secrètes.,2,3,2,3,null,null,true,"[{""title"":""Décor"",""prompt"":""Choisissez chacun un faux nom et un détail vestimentaire reconnaissable."",""step_no"":1,""title_active"":null,""prompt_active"":null,""title_partner"":null,""prompt_partner"":null,""title_player_1"":null,""title_player_2"":null,""prompt_player_1"":null,""prompt_player_2"":null},{""title"":""Missions secrètes"",""prompt"":""Lisez chacun votre objectif sans montrer l’écran."",""step_no"":2,""title_active"":""Découvre le vrai rôle"",""prompt_active"":""Obtiens le métier imaginaire de l’autre sans révéler le tien."",""title_partner"":""Déjoue la reconnaissance"",""prompt_partner"":""Tente de changer trois fois de sujet avant qu’il découvre ton personnage."",""title_player_1"":null,""title_player_2"":null,""prompt_player_1"":null,""prompt_player_2"":null},{""title"":""La confrontation"",""prompt"":""Une conversation a lieu sans prononcer les véritables prénoms pendant deux minutes."",""step_no"":3,""title_active"":null,""prompt_active"":null,""title_partner"":null,""prompt_partner"":null,""title_player_1"":null,""title_player_2"":null,""prompt_player_1"":null,""prompt_player_2"":null},{""title"":""Le retournement"",""prompt"":""Un troisième personnage imaginaire annonce une révélation ; les deux faux noms sont échangés."",""step_no"":4,""title_active"":null,""prompt_active"":null,""title_partner"":null,""prompt_partner"":null,""title_player_1"":null,""title_player_2"":null,""prompt_player_1"":null,""prompt_player_2"":null},{""title"":""Dernier acte"",""prompt"":""Poursuivez trente secondes avec les nouveaux personnages puis révélez les missions."",""step_no"":5,""title_active"":null,""prompt_active"":null,""title_partner"":null,""prompt_partner"":null,""title_player_1"":null,""title_player_2"":null,""prompt_player_1"":null,""prompt_player_2"":null}]",[]
1158,v1_0373,v1,scene,Le rendez-vous au jacuzzi,Deux adultes qui se sont déjà croisés dans un hôtel fictif se retrouvent autour d’un jacuzzi privé.,2,3,2,3,null,null,true,"[{""title"":""Décor"",""prompt"":""Préparez la scène au bord du jacuzzi ; chaque personnage invente un secret sur leur rencontre précédente."",""step_no"":1,""title_active"":null,""prompt_active"":null,""title_partner"":null,""prompt_partner"":null,""title_player_1"":null,""title_player_2"":null,""prompt_player_1"":null,""prompt_player_2"":null},{""title"":""Missions secrètes"",""prompt"":""Lisez chacun votre objectif sans montrer l’écran."",""step_no"":2,""title_active"":""Obtiens le souvenir"",""prompt_active"":""Amène l’autre à raconter la soirée où vous vous seriez déjà rencontrés."",""title_partner"":""Contredis discrètement"",""prompt_partner"":""Introduis deux indices montrant que ce souvenir fictif ne peut pas être exact."",""title_player_1"":null,""title_player_2"":null,""prompt_player_1"":null,""prompt_player_2"":null},{""title"":""La confrontation"",""prompt"":""Les deux personnages racontent successivement leur version de leur première rencontre."",""step_no"":3,""title_active"":null,""prompt_active"":null,""title_partner"":null,""prompt_partner"":null,""title_player_1"":null,""title_player_2"":null,""prompt_player_1"":null,""prompt_player_2"":null},{""title"":""Le retournement"",""prompt"":""Une réservation oubliée surgit : vous aviez préparé le même nouveau rendez-vous chacun de votre côté."",""step_no"":4,""title_active"":null,""prompt_active"":null,""title_partner"":null,""prompt_partner"":null,""title_player_1"":null,""title_player_2"":null,""prompt_player_1"":null,""prompt_player_2"":null},{""title"":""Dernier acte"",""prompt"":""Révélez vos invitations et choisissez l’une des deux destinations pour plus tard."",""step_no"":5,""title_active"":null,""prompt_active"":null,""title_partner"":null,""prompt_partner"":null,""title_player_1"":null,""title_player_2"":null,""prompt_player_1"":null,""prompt_player_2"":null}]",[]
1159,v1_0374,v1,scene,La réception interdite,"Lors d’une réception privée fictive, deux invités adultes échangent secrètement des invitations.",2,3,2,3,null,null,true,"[{""title"":""Décor"",""prompt"":""Installez un salon de réception et préparez deux cartes de visite fictives."",""step_no"":1,""title_active"":null,""prompt_active"":null,""title_partner"":null,""prompt_partner"":null,""title_player_1"":null,""title_player_2"":null,""prompt_player_1"":null,""prompt_player_2"":null},{""title"":""Missions secrètes"",""prompt"":""Lisez chacun votre objectif sans montrer l’écran."",""step_no"":2,""title_active"":""Identifie le destinataire"",""prompt_active"":""Retrouve la personne à qui l’invitation secrète était destinée."",""title_partner"":""Fais changer la carte"",""prompt_partner"":""Échange discrètement l’invitation avec une autre carte de visite avant la révélation."",""title_player_1"":null,""title_player_2"":null,""prompt_player_1"":null,""prompt_player_2"":null},{""title"":""La confrontation"",""prompt"":""Les deux personnages se questionnent comme s’ils étaient entourés d’invités imaginaires."",""step_no"":3,""title_active"":null,""prompt_active"":null,""title_partner"":null,""prompt_partner"":null,""title_player_1"":null,""title_player_2"":null,""prompt_player_1"":null,""prompt_player_2"":null},{""title"":""Le retournement"",""prompt"":""PROTOCOL annonce que les deux invitations portent le même numéro de chambre fictive."",""step_no"":4,""title_active"":null,""prompt_active"":null,""title_partner"":null,""prompt_partner"":null,""title_player_1"":null,""title_player_2"":null,""prompt_player_1"":null,""prompt_player_2"":null},{""title"":""Dernier acte"",""prompt"":""Révélez qui a réellement organisé cette rencontre et quittez ensemble la réception imaginaire."",""step_no"":5,""title_active"":null,""prompt_active"":null,""title_partner"":null,""prompt_partner"":null,""title_player_1"":null,""title_player_2"":null,""prompt_player_1"":null,""prompt_player_2"":null}]",[]
1160,v1_0375,v1,scene,L’inspection de la classe adulte,Un responsable adulte arrive à l’improviste dans un atelier de théâtre pour adultes.,2,3,2,3,null,null,true,"[{""title"":""Décor"",""prompt"":""Transformez la cuisine en salle de cours ; un élève adulte attend une convocation fictive."",""step_no"":1,""title_active"":null,""prompt_active"":null,""title_partner"":null,""prompt_partner"":null,""title_player_1"":null,""title_player_2"":null,""prompt_player_1"":null,""prompt_player_2"":null},{""title"":""Missions secrètes"",""prompt"":""Lisez chacun votre objectif sans montrer l’écran."",""step_no"":2,""title_active"":""Rédige le rapport"",""prompt_active"":""Note trois erreurs inventées dans la conduite du cours sans révéler tes critères."",""title_partner"":""Prépare le contre-rapport"",""prompt_partner"":""Découvre un écart de comportement chez l’inspecteur et conserve-le pour la fin."",""title_player_1"":null,""title_player_2"":null,""prompt_player_1"":null,""prompt_player_2"":null},{""title"":""La confrontation"",""prompt"":""L’inspection comprend deux improvisations imposées au personnage de l’élève adulte."",""step_no"":3,""title_active"":null,""prompt_active"":null,""title_partner"":null,""prompt_partner"":null,""title_player_1"":null,""title_player_2"":null,""prompt_player_1"":null,""prompt_player_2"":null},{""title"":""Le retournement"",""prompt"":""L’élève produit son contre-rapport ; l’inspecteur est obligé de reprendre l’exercice."",""step_no"":4,""title_active"":null,""prompt_active"":null,""title_partner"":null,""prompt_partner"":null,""title_player_1"":null,""title_player_2"":null,""prompt_player_1"":null,""prompt_player_2"":null},{""title"":""Dernier acte"",""prompt"":""Les personnages échangent une dernière appréciation et choisissent qui dirigera le prochain jeu de rôle."",""step_no"":5,""title_active"":null,""prompt_active"":null,""title_partner"":null,""prompt_partner"":null,""title_player_1"":null,""title_player_2"":null,""prompt_player_1"":null,""prompt_player_2"":null}]",[]
1161,v1_0376,v1,scene,Le massage qui dérape,Une vraie scène commence. Prenez votre temps.,3,2,3,2,null,null,true,"[{""title"":""Installation"",""prompt"":""{{active}}, allonge-toi sur le ventre. {{partner}} commence par un vrai massage du dos et des épaules pendant une minute."",""step_no"":1,""title_active"":null,""prompt_active"":null,""title_partner"":null,""prompt_partner"":null,""title_player_1"":null,""title_player_2"":null,""prompt_player_1"":null,""prompt_player_2"":null},{""title"":""Plus bas"",""prompt"":""{{partner}} descend progressivement vers les reins, les fesses puis l’intérieur des cuisses. Pas besoin de se presser."",""step_no"":2,""title_active"":null,""prompt_active"":null,""title_partner"":null,""prompt_partner"":null,""title_player_1"":null,""title_player_2"":null,""prompt_player_1"":null,""prompt_player_2"":null},{""title"":""Plus vraiment un massage"",""prompt"":""{{partner}} peut maintenant laisser ses mains devenir franchement sexuelles pendant deux minutes. {{active}} reste passif."",""step_no"":3,""title_active"":null,""prompt_active"":null,""title_partner"":null,""prompt_partner"":null,""title_player_1"":null,""title_player_2"":null,""prompt_player_1"":null,""prompt_player_2"":null},{""title"":""Encore un peu"",""prompt"":""Continuez exactement là où vous êtes pendant une dernière minute avant de reprendre PROTOCOL."",""step_no"":4,""title_active"":null,""prompt_active"":null,""title_partner"":null,""prompt_partner"":null,""title_player_1"":null,""title_player_2"":null,""prompt_player_1"":null,""prompt_player_2"":null}]",[]
1162,v1_0377,v1,scene,Le bandeau,L’un de vous va perdre momentanément le contrôle de ce qui arrive.,4,3,3,3,null,null,true,"[{""title"":""Ne regarde plus"",""prompt"":""{{active}}, bande-toi les yeux puis mets-toi confortablement. Tes mains restent tranquilles."",""step_no"":1,""title_active"":null,""prompt_active"":null,""title_partner"":null,""prompt_partner"":null,""title_player_1"":null,""title_player_2"":null,""prompt_player_1"":null,""prompt_player_2"":null},{""title"":""Premier contact"",""prompt"":""{{partner}}, choisis trois endroits différents du corps de {{active}} et touche-les très lentement. Ne lui annonce jamais ce qui arrive."",""step_no"":2,""title_active"":null,""prompt_active"":null,""title_partner"":null,""prompt_partner"":null,""title_player_1"":null,""title_player_2"":null,""prompt_player_1"":null,""prompt_player_2"":null},{""title"":""Change les règles"",""prompt"":""{{partner}}, utilise maintenant ta bouche ou un jouet. {{active}} n’a toujours pas le droit de regarder."",""step_no"":3,""title_active"":null,""prompt_active"":null,""title_partner"":null,""prompt_partner"":null,""title_player_1"":null,""title_player_2"":null,""prompt_player_1"":null,""prompt_player_2"":null},{""title"":""Révélation"",""prompt"":""{{active}}, enlève le bandeau. Embrasse immédiatement {{partner}} sans commenter ce qui vient de se passer."",""step_no"":4,""title_active"":null,""prompt_active"":null,""title_partner"":null,""prompt_partner"":null,""title_player_1"":null,""title_player_2"":null,""prompt_player_1"":null,""prompt_player_2"":null}]",[]
1163,v1_0378,v1,scene,Menotté,Une scène courte autour du contrôle et de la frustration.,4,3,3,3,null,null,true,"[{""title"":""Les poignets"",""prompt"":""{{active}}, tends les poignets à {{partner}}. Il ou elle te menotte, clé accessible."",""step_no"":1,""title_active"":null,""prompt_active"":null,""title_partner"":null,""prompt_partner"":null,""title_player_1"":null,""title_player_2"":null,""prompt_player_1"":null,""prompt_player_2"":null},{""title"":""Tu ne décides plus"",""prompt"":""{{partner}}, prends une minute pour toucher {{active}} exactement comme tu veux. Aucune instruction de sa part."",""step_no"":2,""title_active"":null,""prompt_active"":null,""title_partner"":null,""prompt_partner"":null,""title_player_1"":null,""title_player_2"":null,""prompt_player_1"":null,""prompt_player_2"":null},{""title"":""Frustration"",""prompt"":""{{partner}}, rapproche {{active}} du plaisir puis arrête-toi juste au moment où il ou elle commence réellement à en vouloir davantage."",""step_no"":3,""title_active"":null,""prompt_active"":null,""title_partner"":null,""prompt_partner"":null,""title_player_1"":null,""title_player_2"":null,""prompt_player_1"":null,""prompt_player_2"":null},{""title"":""Libération"",""prompt"":""Enlève les menottes. {{active}} obtient trente secondes pour rendre immédiatement la pareille."",""step_no"":4,""title_active"":null,""prompt_active"":null,""title_partner"":null,""prompt_partner"":null,""title_player_1"":null,""title_player_2"":null,""prompt_player_1"":null,""prompt_player_2"":null}]",[]
1164,v1_0379,v1,scene,Pour elle,"Pendant cette scène, le plaisir de {{active}} devient la seule priorité.",4,3,3,2,female,null,true,"[{""title"":""Installe-toi"",""prompt"":""{{active}}, allonge-toi. Pendant toute cette scène, tu ne dois rien donner en retour."",""step_no"":1,""title_active"":null,""prompt_active"":null,""title_partner"":null,""prompt_partner"":null,""title_player_1"":null,""title_player_2"":null,""prompt_player_1"":null,""prompt_player_2"":null},{""title"":""Les mains"",""prompt"":""{{partner}}, prends une minute uniquement pour ses seins, son ventre, ses cuisses et son sexe avec tes mains."",""step_no"":2,""title_active"":null,""prompt_active"":null,""title_partner"":null,""prompt_partner"":null,""title_player_1"":null,""title_player_2"":null,""prompt_player_1"":null,""prompt_player_2"":null},{""title"":""Choisis"",""prompt"":""{{partner}}, choisis maintenant entre cunnilingus, vibromasseur ou gode. Continue pendant deux minutes."",""step_no"":3,""title_active"":null,""prompt_active"":null,""title_partner"":null,""prompt_partner"":null,""title_player_1"":null,""title_player_2"":null,""prompt_player_1"":null,""prompt_player_2"":null},{""title"":""Encore"",""prompt"":""{{active}}, tu peux maintenant dire uniquement trois mots à {{partner}} : plus vite, plus lentement ou continue."",""step_no"":4,""title_active"":null,""prompt_active"":null,""title_partner"":null,""prompt_partner"":null,""title_player_1"":null,""title_player_2"":null,""prompt_player_1"":null,""prompt_player_2"":null},{""title"":""À toi de décider"",""prompt"":""{{active}}, décide si cette scène s’arrête ici ou si {{partner}} continue jusqu’à te faire jouir."",""step_no"":5,""title_active"":null,""prompt_active"":null,""title_partner"":null,""prompt_partner"":null,""title_player_1"":null,""title_player_2"":null,""prompt_player_1"":null,""prompt_player_2"":null}]",[]
1165,v1_0380,v1,scene,Pour lui,"Pendant cette scène, {{active}} n’a rien à faire sauf profiter.",4,3,3,2,male,null,true,"[{""title"":""Passif"",""prompt"":""{{active}}, assieds-toi ou allonge-toi. Pendant toute la scène, {{partner}} décide et tu ne prends aucune initiative."",""step_no"":1,""title_active"":null,""prompt_active"":null,""title_partner"":null,""prompt_partner"":null,""title_player_1"":null,""title_player_2"":null,""prompt_player_1"":null,""prompt_player_2"":null},{""title"":""Ses mains"",""prompt"":""{{partner}}, masturbe {{active}} lentement pendant une minute. Change plusieurs fois de rythme sans prévenir."",""step_no"":2,""title_active"":null,""prompt_active"":null,""title_partner"":null,""prompt_partner"":null,""title_player_1"":null,""title_player_2"":null,""prompt_player_1"":null,""prompt_player_2"":null},{""title"":""Sa bouche"",""prompt"":""{{partner}}, remplace maintenant tes mains par ta bouche pendant une minute."",""step_no"":3,""title_active"":null,""prompt_active"":null,""title_partner"":null,""prompt_partner"":null,""title_player_1"":null,""title_player_2"":null,""prompt_player_1"":null,""prompt_player_2"":null},{""title"":""Pas encore"",""prompt"":""{{partner}}, approche {{active}} autant que possible de l’orgasme puis arrête complètement pendant trente secondes."",""step_no"":4,""title_active"":null,""prompt_active"":null,""title_partner"":null,""prompt_partner"":null,""title_player_1"":null,""title_player_2"":null,""prompt_player_1"":null,""prompt_player_2"":null},{""title"":""Décision"",""prompt"":""{{partner}}, décide maintenant si tu reprends ou si tu le laisses frustré jusqu’à la prochaine carte."",""step_no"":5,""title_active"":null,""prompt_active"":null,""title_partner"":null,""prompt_partner"":null,""title_player_1"":null,""title_player_2"":null,""prompt_player_1"":null,""prompt_player_2"":null}]",[]
1166,v1_0381,v1,scene,Interdit de jouir,La scène va volontairement s’arrêter trop tôt.,5,3,3,3,null,null,true,"[{""title"":""Objectif"",""prompt"":""{{partner}}, ton objectif est simple : faire monter {{active}} le plus haut possible sans le ou la laisser jouir."",""step_no"":1,""title_active"":null,""prompt_active"":null,""title_partner"":null,""prompt_partner"":null,""title_player_1"":null,""title_player_2"":null,""prompt_player_1"":null,""prompt_player_2"":null},{""title"":""Commence"",""prompt"":""{{partner}}, utilise tes mains, ta bouche ou un jouet pendant deux minutes."",""step_no"":2,""title_active"":null,""prompt_active"":null,""title_partner"":null,""prompt_partner"":null,""title_player_1"":null,""title_player_2"":null,""prompt_player_1"":null,""prompt_player_2"":null},{""title"":""Stop"",""prompt"":""{{partner}}, arrête maintenant complètement de toucher {{active}} pendant trente secondes."",""step_no"":3,""title_active"":null,""prompt_active"":null,""title_partner"":null,""prompt_partner"":null,""title_player_1"":null,""title_player_2"":null,""prompt_player_1"":null,""prompt_player_2"":null},{""title"":""Deuxième tentative"",""prompt"":""Recommence pendant une minute. Cette fois, arrête encore plus tard."",""step_no"":4,""title_active"":null,""prompt_active"":null,""title_partner"":null,""prompt_partner"":null,""title_player_1"":null,""title_player_2"":null,""prompt_player_1"":null,""prompt_player_2"":null},{""title"":""Fin cruelle"",""prompt"":""La scène s’arrête ici. Personne n’a promis que PROTOCOL serait raisonnable."",""step_no"":5,""title_active"":null,""prompt_active"":null,""title_partner"":null,""prompt_partner"":null,""title_player_1"":null,""title_player_2"":null,""prompt_player_1"":null,""prompt_player_2"":null}]",[]
1167,v1_0382,v1,scene,Sous la douche,Déplacez la partie sous l’eau.,4,2,3,3,null,null,true,"[{""title"":""Sous l’eau"",""prompt"":""Allez ensemble sous la douche. Ne passez à l’étape suivante qu’une fois sous l’eau."",""step_no"":1,""title_active"":null,""prompt_active"":null,""title_partner"":null,""prompt_partner"":null,""title_player_1"":null,""title_player_2"":null,""prompt_player_1"":null,""prompt_player_2"":null},{""title"":""Savonne-moi"",""prompt"":""{{active}}, tourne le dos à {{partner}}. Laisse-le ou la te laver lentement du cou jusqu’aux fesses."",""step_no"":2,""title_active"":null,""prompt_active"":null,""title_partner"":null,""prompt_partner"":null,""title_player_1"":null,""title_player_2"":null,""prompt_player_1"":null,""prompt_player_2"":null},{""title"":""Retourne-toi"",""prompt"":""{{active}}, retourne-toi. {{partner}} continue maintenant sur ton torse, ton ventre et entre tes jambes."",""step_no"":3,""title_active"":null,""prompt_active"":null,""title_partner"":null,""prompt_partner"":null,""title_player_1"":null,""title_player_2"":null,""prompt_player_1"":null,""prompt_player_2"":null},{""title"":""Plus besoin de savon"",""prompt"":""Pendant deux minutes, oubliez complètement l’idée de vous laver."",""step_no"":4,""title_active"":null,""prompt_active"":null,""title_partner"":null,""prompt_partner"":null,""title_player_1"":null,""title_player_2"":null,""prompt_player_1"":null,""prompt_player_2"":null}]",[]
1168,v1_0383,v1,scene,Le secret,PROTOCOL va donner une instruction différente à chacun de vous.,3,2,2,3,null,null,true,"[{""title"":""Instruction privée"",""prompt"":""Lis uniquement ton écran."",""step_no"":1,""title_active"":null,""prompt_active"":null,""title_partner"":null,""prompt_partner"":null,""title_player_1"":""Ta mission"",""title_player_2"":""Ta mission"",""prompt_player_1"":""{{me}}, choisis mentalement une zone du corps de {{other}} que tu veux embrasser plus tard. Ne lui révèle rien."",""prompt_player_2"":""{{me}}, choisis mentalement une zone du corps de {{other}} que tu veux qu’il ou elle touche plus tard. Ne lui révèle rien.""},{""title"":""Rapprochez-vous"",""prompt"":""Posez vos téléphones. Embrassez-vous pendant une minute sans révéler les choix secrets que vous venez de faire."",""step_no"":2,""title_active"":null,""prompt_active"":null,""title_partner"":null,""prompt_partner"":null,""title_player_1"":null,""title_player_2"":null,""prompt_player_1"":null,""prompt_player_2"":null},{""title"":""Révélation"",""prompt"":""Il est temps d’utiliser votre choix."",""step_no"":3,""title_active"":null,""prompt_active"":null,""title_partner"":null,""prompt_partner"":null,""title_player_1"":""À toi"",""title_player_2"":""À toi"",""prompt_player_1"":""{{me}}, embrasse maintenant la zone que tu avais choisie sur {{other}}."",""prompt_player_2"":""{{me}}, prends la main de {{other}} et pose-la exactement sur la zone que tu avais choisie.""},{""title"":""Mélange"",""prompt"":""Pendant une minute, combinez les deux choix sans parler."",""step_no"":4,""title_active"":null,""prompt_active"":null,""title_partner"":null,""prompt_partner"":null,""title_player_1"":null,""title_player_2"":null,""prompt_player_1"":null,""prompt_player_2"":null}]",[]
1169,v1_0384,v1,scene,La récompense,Une décision secrète va influencer la suite.,4,3,2,3,null,null,true,"[{""title"":""Choisis"",""prompt"":""Décision secrète."",""step_no"":1,""title_active"":null,""prompt_active"":null,""title_partner"":null,""prompt_partner"":null,""title_player_1"":""Ton choix"",""title_player_2"":""Ton choix"",""prompt_player_1"":""{{me}}, choisis secrètement entre BOUCHE et MAINS."",""prompt_player_2"":""{{me}}, choisis secrètement entre LENTEMENT et INTENSEMENT.""},{""title"":""Révélez"",""prompt"":""Annoncez maintenant vos deux choix. Ils deviennent ensemble la règle de la prochaine minute."",""step_no"":2,""title_active"":null,""prompt_active"":null,""title_partner"":null,""prompt_partner"":null,""title_player_1"":null,""title_player_2"":null,""prompt_player_1"":null,""prompt_player_2"":null},{""title"":""Exécution"",""prompt"":""{{active}} reçoit le plaisir. {{partner}} applique la combinaison choisie pendant une minute."",""step_no"":3,""title_active"":null,""prompt_active"":null,""title_partner"":null,""prompt_partner"":null,""title_player_1"":null,""title_player_2"":null,""prompt_player_1"":null,""prompt_player_2"":null},{""title"":""Inversez"",""prompt"":""Inversez les rôles pendant une minute en gardant exactement les mêmes règles."",""step_no"":4,""title_active"":null,""prompt_active"":null,""title_partner"":null,""prompt_partner"":null,""title_player_1"":null,""title_player_2"":null,""prompt_player_1"":null,""prompt_player_2"":null}]",[]
1170,v1_0385,v1,scene,Le jouet secret,PROTOCOL va choisir le moment avant que vous connaissiez l’objet.,3,2,3,3,null,null,true,"[{""title"":""Choisissez"",""prompt"":""Gardez votre choix secret."",""step_no"":1,""title_active"":""Objet"",""prompt_active"":""{{active}}, choisis mentalement un jouet ou accessoire que vous avez à proximité."",""title_partner"":""Zone"",""prompt_partner"":""{{partner}}, choisis mentalement une zone du corps de {{active}}."",""title_player_1"":null,""title_player_2"":null,""prompt_player_1"":null,""prompt_player_2"":null},{""title"":""Révélation"",""prompt"":""Annoncez vos deux choix."",""step_no"":2,""title_active"":null,""prompt_active"":null,""title_partner"":null,""prompt_partner"":null,""title_player_1"":null,""title_player_2"":null,""prompt_player_1"":null,""prompt_player_2"":null},{""title"":""Combinez"",""prompt"":""{{partner}} doit maintenant utiliser le jouet choisi par {{active}} autour de la zone qu’il avait choisie lui-même."",""step_no"":3,""title_active"":null,""prompt_active"":null,""title_partner"":null,""prompt_partner"":null,""title_player_1"":null,""title_player_2"":null,""prompt_player_1"":null,""prompt_player_2"":null},{""title"":""Libre"",""prompt"":""{{active}} décide si {{partner}} continue au même endroit ou déplace le jeu ailleurs."",""step_no"":4,""title_active"":null,""prompt_active"":null,""title_partner"":null,""prompt_partner"":null,""title_player_1"":null,""title_player_2"":null,""prompt_player_1"":null,""prompt_player_2"":null}]",[]
1171,v1_0386,v1,scene,Le massage secret,Un massage commence avec deux objectifs différents.,3,2,3,3,null,null,true,"[{""title"":""Objectifs secrets"",""prompt"":""Ne montrez pas vos écrans."",""step_no"":1,""title_active"":""Reste sage"",""prompt_active"":""{{active}}, ton objectif est de ne jamais demander à {{partner}} d’aller plus loin pendant le massage."",""title_partner"":""Fais-le craquer"",""prompt_partner"":""{{partner}}, commence un vrai massage. Ton objectif secret est de faire demander à {{active}} quelque chose de plus sexuel."",""title_player_1"":null,""title_player_2"":null,""prompt_player_1"":null,""prompt_player_2"":null},{""title"":""Massage"",""prompt"":""{{active}} s’allonge. {{partner}} commence par le dos, les épaules et les reins pendant une minute."",""step_no"":2,""title_active"":null,""prompt_active"":null,""title_partner"":null,""prompt_partner"":null,""title_player_1"":null,""title_player_2"":null,""prompt_player_1"":null,""prompt_player_2"":null},{""title"":""Plus bas"",""prompt"":""{{partner}} descend vers les fesses et l’intérieur des cuisses pendant une minute."",""step_no"":3,""title_active"":null,""prompt_active"":null,""title_partner"":null,""prompt_partner"":null,""title_player_1"":null,""title_player_2"":null,""prompt_player_1"":null,""prompt_player_2"":null},{""title"":""Résultat"",""prompt"":""Révélez vos missions. Si {{active}} n’a rien demandé, il ou elle gagne le droit de choisir comment le massage se termine."",""step_no"":4,""title_active"":null,""prompt_active"":null,""title_partner"":null,""prompt_partner"":null,""title_player_1"":null,""title_player_2"":null,""prompt_player_1"":null,""prompt_player_2"":null}]",[]
1172,v1_0387,v1,scene,Tout pour elle,"Pendant quelques minutes, {{active}} devient clairement le centre de PROTOCOL.",4,3,3,3,female,null,true,"[{""title"":""Règles privées"",""prompt"":""Cette scène est entièrement déséquilibrée."",""step_no"":1,""title_active"":""Reçois"",""prompt_active"":""{{active}}, pendant toute cette scène, tu n’as rien à donner en retour."",""title_partner"":""À son service"",""prompt_partner"":""{{partner}}, ton seul objectif pendant les prochaines minutes est le plaisir de {{active}}."",""title_player_1"":null,""title_player_2"":null,""prompt_player_1"":null,""prompt_player_2"":null},{""title"":""Commence doucement"",""prompt"":""{{partner}} commence avec ses mains sur les seins, le ventre, les fesses et les cuisses de {{active}}."",""step_no"":2,""title_active"":null,""prompt_active"":null,""title_partner"":null,""prompt_partner"":null,""title_player_1"":null,""title_player_2"":null,""prompt_player_1"":null,""prompt_player_2"":null},{""title"":""Choix secret"",""prompt"":""Chacun choisit quelque chose."",""step_no"":3,""title_active"":""Choisis"",""prompt_active"":""{{active}}, choisis mentalement entre bouche, doigts et vibromasseur."",""title_partner"":""Devine"",""prompt_partner"":""{{partner}}, choisis mentalement laquelle de ces trois options tu penses que {{active}} préférerait maintenant : bouche, doigts ou vibromasseur."",""title_player_1"":null,""title_player_2"":null,""prompt_player_1"":null,""prompt_player_2"":null},{""title"":""Comparez"",""prompt"":""Annoncez vos choix. S’ils correspondent, {{partner}} commence immédiatement. Sinon, {{active}} impose son choix."",""step_no"":4,""title_active"":null,""prompt_active"":null,""title_partner"":null,""prompt_partner"":null,""title_player_1"":null,""title_player_2"":null,""prompt_player_1"":null,""prompt_player_2"":null},{""title"":""Elle décide"",""prompt"":""{{active}} décide quand cette scène est terminée."",""step_no"":5,""title_active"":null,""prompt_active"":null,""title_partner"":null,""prompt_partner"":null,""title_player_1"":null,""title_player_2"":null,""prompt_player_1"":null,""prompt_player_2"":null}]",[]
1173,v1_0388,v1,scene,Sous l’eau,La scène va se déplacer dans l’eau avec une règle cachée.,3,2,3,3,null,null,true,"[{""title"":""Avant la douche"",""prompt"":""Deux intentions différentes."",""step_no"":1,""title_active"":""Choisis une zone"",""prompt_active"":""{{active}}, choisis secrètement la zone de ton corps sur laquelle tu aimerais que {{partner}} insiste sous l’eau."",""title_partner"":""Choisis une règle"",""prompt_partner"":""{{partner}}, choisis secrètement entre : uniquement les mains, uniquement la bouche, ou interdiction de toucher directement le sexe de {{active}}."",""title_player_1"":null,""title_player_2"":null,""prompt_player_1"":null,""prompt_player_2"":null},{""title"":""Sous l’eau"",""prompt"":""Allez ensemble sous la douche ou dans le bain."",""step_no"":2,""title_active"":null,""prompt_active"":null,""title_partner"":null,""prompt_partner"":null,""title_player_1"":null,""title_player_2"":null,""prompt_player_1"":null,""prompt_player_2"":null},{""title"":""Annoncez"",""prompt"":""Révélez la zone et la règle. Combinez-les pendant deux minutes."",""step_no"":3,""title_active"":null,""prompt_active"":null,""title_partner"":null,""prompt_partner"":null,""title_player_1"":null,""title_player_2"":null,""prompt_player_1"":null,""prompt_player_2"":null},{""title"":""Libre"",""prompt"":""La règle disparaît. Continuez encore une minute sans restriction imposée par PROTOCOL."",""step_no"":4,""title_active"":null,""prompt_active"":null,""title_partner"":null,""prompt_partner"":null,""title_player_1"":null,""title_player_2"":null,""prompt_player_1"":null,""prompt_player_2"":null}]",[]
1174,v1_0389,v1,scene,Déshabille-moi,La manière de retirer les vêtements devient elle-même le jeu.,3,2,2,3,null,null,true,"[{""title"":""Mission"",""prompt"":""Deux rôles simples."",""step_no"":1,""title_active"":""Obéis"",""prompt_active"":""{{active}}, tu vas te déshabiller mais tu n’as pas le droit de choisir toi-même le prochain vêtement."",""title_partner"":""Dirige"",""prompt_partner"":""{{partner}}, décide à chaque étape quel vêtement {{active}} retire ensuite."",""title_player_1"":null,""title_player_2"":null,""prompt_player_1"":null,""prompt_player_2"":null},{""title"":""Premier vêtement"",""prompt"":""{{partner}} choisit. {{active}} le retire aussi lentement que possible."",""step_no"":2,""title_active"":null,""prompt_active"":null,""title_partner"":null,""prompt_partner"":null,""title_player_1"":null,""title_player_2"":null,""prompt_player_1"":null,""prompt_player_2"":null},{""title"":""Encore"",""prompt"":""{{partner}} choisit un deuxième vêtement. Cette fois, {{active}} doit maintenir le regard."",""step_no"":3,""title_active"":null,""prompt_active"":null,""title_partner"":null,""prompt_partner"":null,""title_player_1"":null,""title_player_2"":null,""prompt_player_1"":null,""prompt_player_2"":null},{""title"":""Photo possible"",""prompt"":""{{partner}} choisit la tenue finale intermédiaire. Si elle vous plaît suffisamment, gardez-en une photo avant de continuer."",""step_no"":4,""title_active"":null,""prompt_active"":null,""title_partner"":null,""prompt_partner"":null,""title_player_1"":null,""title_player_2"":null,""prompt_player_1"":null,""prompt_player_2"":null}]",[]
1175,v1_0390,v1,scene,Pour elle uniquement,Le partenaire reçoit une mission précise concernant le plaisir de {{active}}.,5,3,3,3,female,null,true,"[{""title"":""Ne montre pas ton écran"",""prompt"":""Chacun reçoit une mission."",""step_no"":1,""title_active"":""Choisis ton envie"",""prompt_active"":""{{active}}, choisis secrètement entre cunnilingus, doigts et vibromasseur."",""title_partner"":""Choisis ta stratégie"",""prompt_partner"":""{{partner}}, choisis secrètement celle que tu penses pouvoir utiliser le plus longtemps sans laisser {{active}} jouir."",""title_player_1"":null,""title_player_2"":null,""prompt_player_1"":null,""prompt_player_2"":null},{""title"":""Révélation"",""prompt"":""Annoncez vos choix."",""step_no"":2,""title_active"":null,""prompt_active"":null,""title_partner"":null,""prompt_partner"":null,""title_player_1"":null,""title_player_2"":null,""prompt_player_1"":null,""prompt_player_2"":null},{""title"":""Priorité à elle"",""prompt"":""Si vos choix correspondent, utilisez cette méthode. Sinon, {{active}} gagne et impose la sienne."",""step_no"":3,""title_active"":null,""prompt_active"":null,""title_partner"":null,""prompt_partner"":null,""title_player_1"":null,""title_player_2"":null,""prompt_player_1"":null,""prompt_player_2"":null},{""title"":""Au bord"",""prompt"":""{{partner}} doit maintenant tenter d’amener {{active}} aussi près que possible de l’orgasme."",""step_no"":4,""title_active"":null,""prompt_active"":null,""title_partner"":null,""prompt_partner"":null,""title_player_1"":null,""title_player_2"":null,""prompt_player_1"":null,""prompt_player_2"":null},{""title"":""Décision finale"",""prompt"":""Seule {{active}} décide si {{partner}} s’arrête ici ou continue jusqu’à la faire jouir."",""step_no"":5,""title_active"":null,""prompt_active"":null,""title_partner"":null,""prompt_partner"":null,""title_player_1"":null,""title_player_2"":null,""prompt_player_1"":null,""prompt_player_2"":null}]",[]
1176,v1_0391,v1,scene,Pour lui uniquement,{{active}} n’a qu’une seule responsabilité : profiter.,5,3,3,3,male,null,true,"[{""title"":""Ne montre pas ton écran"",""prompt"":""Chacun reçoit une mission."",""step_no"":1,""title_active"":""Ne dirige rien"",""prompt_active"":""{{active}}, pendant cette scène tu n’as pas le droit de demander une technique ou un rythme précis."",""title_partner"":""Choisis"",""prompt_partner"":""{{partner}}, décide secrètement comment tu veux commencer : mains, bouche ou mélange des deux."",""title_player_1"":null,""title_player_2"":null,""prompt_player_1"":null,""prompt_player_2"":null},{""title"":""Commence"",""prompt"":""{{partner}} exécute son choix pendant une minute. {{active}} reste passif."",""step_no"":2,""title_active"":null,""prompt_active"":null,""title_partner"":null,""prompt_partner"":null,""title_player_1"":null,""title_player_2"":null,""prompt_player_1"":null,""prompt_player_2"":null},{""title"":""Change"",""prompt"":""Nouvelle instruction privée."",""step_no"":3,""title_active"":""Toujours silencieux"",""prompt_active"":""{{active}}, même règle : aucune demande. Laisse {{partner}} décider."",""title_partner"":""Surprends-le"",""prompt_partner"":""{{partner}}, change complètement de rythme ou de technique sans prévenir {{active}}."",""title_player_1"":null,""title_player_2"":null,""prompt_player_1"":null,""prompt_player_2"":null},{""title"":""Frustration"",""prompt"":""{{partner}} approche {{active}} de l’orgasme puis s’arrête complètement pendant trente secondes."",""step_no"":4,""title_active"":null,""prompt_active"":null,""title_partner"":null,""prompt_partner"":null,""title_player_1"":null,""title_player_2"":null,""prompt_player_1"":null,""prompt_player_2"":null},{""title"":""À elle de décider"",""prompt"":""{{partner}} décide si la scène reprend ou si {{active}} reste frustré jusqu’à la prochaine carte."",""step_no"":5,""title_active"":null,""prompt_active"":null,""title_partner"":null,""prompt_partner"":null,""title_player_1"":null,""title_player_2"":null,""prompt_player_1"":null,""prompt_player_2"":null}]",[]
1177,v1_0392,v1,scene,Tu es à moi ce soir,"Pendant trois minutes, jouez une dynamique d'appartenance temporaire clairement assumée : {{active}} choisit la position, le rythme, ce qui reste porté et ce que {{partner}} peut demander.",5,3,3,3,null,180,true,"[{""title"":""Ce soir seulement"",""prompt"":""Pendant cette scène, {{active}} prend clairement le contrôle de la dynamique."",""step_no"":1,""title_active"":null,""prompt_active"":null,""title_partner"":null,""prompt_partner"":null,""title_player_1"":null,""title_player_2"":null,""prompt_player_1"":null,""prompt_player_2"":null},{""title"":""Premières règles"",""prompt"":""{{active}}, décide de la position de {{partner}}, de ce qui reste porté et de la manière dont {{partner}} doit te demander quelque chose."",""step_no"":2,""title_active"":null,""prompt_active"":null,""title_partner"":null,""prompt_partner"":null,""title_player_1"":null,""title_player_2"":null,""prompt_player_1"":null,""prompt_player_2"":null},{""title"":""Consignes privées"",""prompt"":""Chacun reçoit un objectif."",""step_no"":3,""title_active"":""Ne cède pas trop vite"",""prompt_active"":""{{active}}, garde le contrôle. Si {{partner}} demande quelque chose, fais-le attendre ou reformuler avant de décider."",""title_partner"":""Fais-toi autoriser"",""prompt_partner"":""{{partner}}, demande clairement ce que tu veux, mais ne prends aucune initiative qui contredit les règles fixées par {{active}}."",""title_player_1"":null,""title_player_2"":null,""prompt_player_1"":null,""prompt_player_2"":null},{""title"":""Le contrôle se resserre"",""prompt"":""{{active}} modifie une règle en cours de scène : position, rythme, parole ou permission. {{partner}} s’adapte immédiatement."",""step_no"":4,""title_active"":null,""prompt_active"":null,""title_partner"":null,""prompt_partner"":null,""title_player_1"":null,""title_player_2"":null,""prompt_player_1"":null,""prompt_player_2"":null},{""title"":""Fin sous contrôle"",""prompt"":""{{active}} décide seul du moment où cette dynamique se termine, sauf PASS ou STOP."",""step_no"":5,""title_active"":null,""prompt_active"":null,""title_partner"":null,""prompt_partner"":null,""title_player_1"":null,""title_player_2"":null,""prompt_player_1"":null,""prompt_player_2"":null}]",[]
1178,v1_0393,v1,scene,Renversement complet,"{{active}}, ce soir les rôles s'inversent complètement : {{partner}} porte le gode, choisit ta position et te baise avec le rythme que vous avez validé ensemble. Elle mène la scène jusqu'à PASS, STOP ou changement demandé.",5,3,3,3,male,null,true,"[{""title"":""Les rôles s’inversent"",""prompt"":""{{partner}} prend la position dominante de cette scène. {{active}} accepte de suivre la direction donnée."",""step_no"":1,""title_active"":null,""prompt_active"":null,""title_partner"":null,""prompt_partner"":null,""title_player_1"":null,""title_player_2"":null,""prompt_player_1"":null,""prompt_player_2"":null},{""title"":""Prise de contrôle"",""prompt"":""{{partner}} choisit la position et le rythme de départ. {{active}} ne dirige pas la scène."",""step_no"":2,""title_active"":null,""prompt_active"":null,""title_partner"":null,""prompt_partner"":null,""title_player_1"":null,""title_player_2"":null,""prompt_player_1"":null,""prompt_player_2"":null},{""title"":""Instructions privées"",""prompt"":""Les objectifs sont différents."",""step_no"":3,""title_active"":""Laisse-toi guider"",""prompt_active"":""{{active}}, indique seulement confort, ralentissement, changement ou arrêt si nécessaire. Pour le reste, ne reprends pas le contrôle."",""title_partner"":""Dirige vraiment"",""prompt_partner"":""{{partner}}, donne des instructions courtes et précises et change une fois la position ou le rythme sans demander à {{active}} de choisir à ta place."",""title_player_1"":null,""title_player_2"":null,""prompt_player_1"":null,""prompt_player_2"":null},{""title"":""Renversement assumé"",""prompt"":""Continuez dans cette dynamique en accentuant le contraste avec vos habitudes. {{partner}} garde l’initiative."",""step_no"":4,""title_active"":null,""prompt_active"":null,""title_partner"":null,""prompt_partner"":null,""title_player_1"":null,""title_player_2"":null,""prompt_player_1"":null,""prompt_player_2"":null},{""title"":""Jusqu’à la décision"",""prompt"":""{{partner}} choisit comment la scène se conclut. PASS, STOP ou demande de changement restent prioritaires."",""step_no"":5,""title_active"":null,""prompt_active"":null,""title_partner"":null,""prompt_partner"":null,""title_player_1"":null,""title_player_2"":null,""prompt_player_1"":null,""prompt_player_2"":null}]",[]
1179,v1_0394,v1,scene,Aucune pudeur,"Pendant trois minutes, jouez volontairement sur une dynamique de dégradation consensuelle : mots crus, positions exposées, ordres et objectification. Vous décidez ensemble des mots interdits avant de commencer ; tout le reste peut servir.",5,3,3,3,null,180,true,"[{""title"":""Plus de façade"",""prompt"":""Pendant cette scène, vous abandonnez volontairement le langage sage et les attitudes retenues."",""step_no"":1,""title_active"":null,""prompt_active"":null,""title_partner"":null,""prompt_partner"":null,""title_player_1"":null,""title_player_2"":null,""prompt_player_1"":null,""prompt_player_2"":null},{""title"":""Premier niveau"",""prompt"":""{{active}} adopte une posture volontairement exposée tandis que {{partner}} donne trois consignes brèves et directes."",""step_no"":2,""title_active"":null,""prompt_active"":null,""title_partner"":null,""prompt_partner"":null,""title_player_1"":null,""title_player_2"":null,""prompt_player_1"":null,""prompt_player_2"":null},{""title"":""Missions privées"",""prompt"":""Les objectifs divergent."",""step_no"":3,""title_active"":""Assume le rôle"",""prompt_active"":""{{active}}, ne minimise rien et ne détourne pas par l’humour. Réponds aux consignes franchement et reste dans le rôle."",""title_partner"":""Pousse le langage"",""prompt_partner"":""{{partner}}, utilise un langage cru mais uniquement dans les limites déjà connues entre vous. Observe ce qui augmente vraiment la tension."",""title_player_1"":null,""title_player_2"":null,""prompt_player_1"":null,""prompt_player_2"":null},{""title"":""Objectification jouée"",""prompt"":""{{partner}} décrit à voix haute ce qu’il ou elle veut voir ou obtenir de {{active}}. {{active}} suit sans casser le personnage."",""step_no"":4,""title_active"":null,""prompt_active"":null,""title_partner"":null,""prompt_partner"":null,""title_player_1"":null,""title_player_2"":null,""prompt_player_1"":null,""prompt_player_2"":null},{""title"":""Dernière consigne"",""prompt"":""{{partner}} donne une dernière consigne qui combine posture, parole et attitude. Sa réalisation termine la scène."",""step_no"":5,""title_active"":null,""prompt_active"":null,""title_partner"":null,""prompt_partner"":null,""title_player_1"":null,""title_player_2"":null,""prompt_player_1"":null,""prompt_player_2"":null}]",[]
1180,v1_0395,v1,scene,Combien ?,"{{active}}, pendant cinq minutes, le plaisir de {{partner}} est la seule mission. Après chaque orgasme éventuel, vous décidez immédiatement : pause, continuer doucement ou tenter d'en provoquer un autre.",5,3,3,3,female,300,true,"[{""title"":""Une seule mission"",""prompt"":""Pendant cinq minutes, le plaisir de {{partner}} devient la seule priorité de {{active}}."",""step_no"":1,""title_active"":null,""prompt_active"":null,""title_partner"":null,""prompt_partner"":null,""title_player_1"":null,""title_player_2"":null,""prompt_player_1"":null,""prompt_player_2"":null},{""title"":""Trouve le chemin"",""prompt"":""{{active}}, commence par ce qui fonctionne habituellement le mieux sur {{partner}}, puis change dès que les réactions diminuent."",""step_no"":2,""title_active"":null,""prompt_active"":null,""title_partner"":null,""prompt_partner"":null,""title_player_1"":null,""title_player_2"":null,""prompt_player_1"":null,""prompt_player_2"":null},{""title"":""Pas de pilote automatique"",""prompt"":""Les règles deviennent privées."",""step_no"":3,""title_active"":""Observe et adapte"",""prompt_active"":""{{active}}, ne demande pas quelle méthode utiliser. Lis les réactions de {{partner}} et adapte toi-même rythme, pression ou technique."",""title_partner"":""Guide sans commander"",""prompt_partner"":""{{partner}}, donne seulement des indications simples comme plus lent, plus fort, continue ou change. Ne choisis pas toute la méthode à la place de {{active}}."",""title_player_1"":null,""title_player_2"":null,""prompt_player_1"":null,""prompt_player_2"":null},{""title"":""Après un pic"",""prompt"":""Si {{partner}} atteint un orgasme ou un niveau très élevé, ralentissez quelques instants puis reprenez différemment au lieu de considérer la scène terminée."",""step_no"":4,""title_active"":null,""prompt_active"":null,""title_partner"":null,""prompt_partner"":null,""title_player_1"":null,""title_player_2"":null,""prompt_player_1"":null,""prompt_player_2"":null},{""title"":""Dernière tentative"",""prompt"":""{{active}} choisit une dernière méthode et la poursuit jusqu’à la fin de la scène, sauf demande de pause, changement ou STOP."",""step_no"":5,""title_active"":null,""prompt_active"":null,""title_partner"":null,""prompt_partner"":null,""title_player_1"":null,""title_player_2"":null,""prompt_player_1"":null,""prompt_player_2"":null}]",[]
1181,v1_0396,v1,scene,Votre porno,"Si vous en avez tous les deux envie, créez une courte scène explicitement destinée à votre collection privée. Décidez avant de commencer ce qui peut être filmé, si les visages apparaissent et si la vidéo sera gardée ou supprimée après l'avoir regardée ensemble.",5,3,3,3,null,null,true,"[{""title"":""Votre scène privée"",""prompt"":""Vous êtes en train de créer une scène destinée uniquement à vous deux. L’image doit être volontaire, simple et maîtrisée."",""step_no"":1,""title_active"":null,""prompt_active"":null,""title_partner"":null,""prompt_partner"":null,""title_player_1"":null,""title_player_2"":null,""prompt_player_1"":null,""prompt_player_2"":null},{""title"":""Cadre"",""prompt"":""Placez le téléphone de manière stable. Cadrez seulement ce que vous voulez réellement conserver dans votre collection privée."",""step_no"":2,""title_active"":null,""prompt_active"":null,""title_partner"":null,""prompt_partner"":null,""title_player_1"":null,""title_player_2"":null,""prompt_player_1"":null,""prompt_player_2"":null},{""title"":""Missions privées"",""prompt"":""Les rôles sont définis."",""step_no"":3,""title_active"":""Joue pour l’image"",""prompt_active"":""{{active}}, donne à la scène une vraie présence : regarde parfois l’objectif, change une fois de position et garde un rythme lisible à l’image."",""title_partner"":""Mets en scène"",""prompt_partner"":""{{partner}}, dirige le cadrage et donne à {{active}} deux indications simples pour rendre la scène plus esthétique ou plus intense."",""title_player_1"":null,""title_player_2"":null,""prompt_player_1"":null,""prompt_player_2"":null},{""title"":""Une prise"",""prompt"":""Filmez une séquence courte sans interrompre le rôle pour commenter le résultat."",""step_no"":4,""title_active"":null,""prompt_active"":null,""title_partner"":null,""prompt_partner"":null,""title_player_1"":null,""title_player_2"":null,""prompt_player_1"":null,""prompt_player_2"":null},{""title"":""Coupez"",""prompt"":""Arrêtez l’enregistrement. La scène est terminée lorsque le téléphone est reposé et que vous quittez le mode caméra."",""step_no"":5,""title_active"":null,""prompt_active"":null,""title_partner"":null,""prompt_partner"":null,""title_player_1"":null,""title_player_2"":null,""prompt_player_1"":null,""prompt_player_2"":null}]",[]
1182,v1_0397,v1,scene,Messy jusqu'au bout,"La prochaine éjaculation ne termine rien. Sperme sur le corps, mains, bouche, baisers et traces restent volontairement dans la scène pendant plusieurs minutes avant que vous décidiez ensemble de vous nettoyer.",5,3,3,3,null,null,true,"[{""title"":""Rien ne s’arrête"",""prompt"":""La prochaine éjaculation ne marque pas la fin de la scène."",""step_no"":1,""title_active"":null,""prompt_active"":null,""title_partner"":null,""prompt_partner"":null,""title_player_1"":null,""title_player_2"":null,""prompt_player_1"":null,""prompt_player_2"":null},{""title"":""Restez dedans"",""prompt"":""Après l’éjaculation, gardez le contact et ne passez pas immédiatement en mode rangement ou nettoyage."",""step_no"":2,""title_active"":null,""prompt_active"":null,""title_partner"":null,""prompt_partner"":null,""title_player_1"":null,""title_player_2"":null,""prompt_player_1"":null,""prompt_player_2"":null},{""title"":""Règles privées"",""prompt"":""Les intentions diffèrent."",""step_no"":3,""title_active"":""Continue la présence"",""prompt_active"":""{{active}}, reste engagé dans la scène même si le rythme change. Ne te retire pas mentalement juste parce qu’un orgasme a eu lieu."",""title_partner"":""Choisis la suite"",""prompt_partner"":""{{partner}}, décide si tu veux prolonger avec proximité, baisers, mains ou une reprise progressive."",""title_player_1"":null,""title_player_2"":null,""prompt_player_1"":null,""prompt_player_2"":null},{""title"":""Encore un chapitre"",""prompt"":""Poursuivez quelques minutes en laissant volontairement les traces faire partie de la scène."",""step_no"":4,""title_active"":null,""prompt_active"":null,""title_partner"":null,""prompt_partner"":null,""title_player_1"":null,""title_player_2"":null,""prompt_player_1"":null,""prompt_player_2"":null},{""title"":""Fin réelle"",""prompt"":""Quand vous décidez ensemble que c’est terminé, seulement alors quittez la scène et nettoyez-vous."",""step_no"":5,""title_active"":null,""prompt_active"":null,""title_partner"":null,""prompt_partner"":null,""title_player_1"":null,""title_player_2"":null,""prompt_player_1"":null,""prompt_player_2"":null}]",[]
1183,v1_0398,v1,scene,French maid,"{{active}}, enfile une tenue de soubrette ou de lingerie qui évoque le rôle. Pendant cinq minutes, joue la domestique beaucoup trop provocante pendant une tâche ménagère ordinaire.",3,3,1,3,female,300,true,"[{""title"":""Entrée en service"",""prompt"":""{{active}} entre dans la pièce comme une domestique provocante en service. À partir de maintenant, le personnage ne se casse plus."",""step_no"":1,""title_active"":null,""prompt_active"":null,""title_partner"":null,""prompt_partner"":null,""title_player_1"":null,""title_player_2"":null,""prompt_player_1"":null,""prompt_player_2"":null},{""title"":""Première tâche"",""prompt"":""{{partner}} donne une tâche ménagère simple. {{active}} l’exécute avec beaucoup trop d’application sans reconnaître qu’il ou elle provoque."",""step_no"":2,""title_active"":null,""prompt_active"":null,""title_partner"":null,""prompt_partner"":null,""title_player_1"":null,""title_player_2"":null,""prompt_player_1"":null,""prompt_player_2"":null},{""title"":""Consignes privées"",""prompt"":""Les rôles se durcissent."",""step_no"":3,""title_active"":""Sois irréprochable"",""prompt_active"":""{{active}}, reste polie, appliquée et volontairement provocante dans tes gestes. Ne reconnais jamais que tu le fais exprès."",""title_partner"":""Reste sérieux"",""prompt_partner"":""{{partner}}, appelle {{active}} comme un employé et donne une deuxième tâche plus précise. Ne souris pas à ses provocations."",""title_player_1"":null,""title_player_2"":null,""prompt_player_1"":null,""prompt_player_2"":null},{""title"":""Faute professionnelle"",""prompt"":""{{partner}} trouve un prétexte pour rappeler {{active}} à l’ordre. {{active}} doit s’excuser et reprendre son service sans quitter le rôle."",""step_no"":4,""title_active"":null,""prompt_active"":null,""title_partner"":null,""prompt_partner"":null,""title_player_1"":null,""title_player_2"":null,""prompt_player_1"":null,""prompt_player_2"":null},{""title"":""Fin de service"",""prompt"":""{{partner}} donne une dernière tâche. Une fois terminée, {{active}} demande formellement si son service est satisfaisant."",""step_no"":5,""title_active"":null,""prompt_active"":null,""title_partner"":null,""prompt_partner"":null,""title_player_1"":null,""title_player_2"":null,""prompt_player_1"":null,""prompt_player_2"":null}]",[]
1184,v1_0399,v1,scene,Service de chambre,"{{active}}, transforme-toi en french maid pour {{partner}}. Tenue sexy, attitude appliquée et vouvoiement obligatoire : pendant quatre minutes, tu dois répondre à ses demandes de service ordinaires sans perdre ton personnage malgré ses provocations.",3,3,1,3,female,240,true,"[{""title"":""Service de chambre"",""prompt"":""{{active}} entre comme une employée de service parfaitement professionnelle. {{partner}} est le client."",""step_no"":1,""title_active"":null,""prompt_active"":null,""title_partner"":null,""prompt_partner"":null,""title_player_1"":null,""title_player_2"":null,""prompt_player_1"":null,""prompt_player_2"":null},{""title"":""Première demande"",""prompt"":""{{partner}} demande un service banal et précis. {{active}} répond en vouvoyant et l’exécute sans sortir de son rôle."",""step_no"":2,""title_active"":null,""prompt_active"":null,""title_partner"":null,""prompt_partner"":null,""title_player_1"":null,""title_player_2"":null,""prompt_player_1"":null,""prompt_player_2"":null},{""title"":""Ça devient ambigu"",""prompt"":""Les objectifs sont privés."",""step_no"":3,""title_active"":""Reste professionnelle"",""prompt_active"":""{{active}}, chaque fois que {{partner}} provoque, réponds avec un langage parfaitement professionnel tout en laissant ton attitude devenir plus suggestive."",""title_partner"":""Fais-la craquer"",""prompt_partner"":""{{partner}}, formule deux demandes ordinaires avec des sous-entendus de plus en plus évidents. Ne demande rien d’explicitement sexuel."",""title_player_1"":null,""title_player_2"":null,""prompt_player_1"":null,""prompt_player_2"":null},{""title"":""Dernière livraison"",""prompt"":""{{active}} revient une dernière fois vers {{partner}} et lui demande formellement s’il manque quelque chose à son service."",""step_no"":4,""title_active"":null,""prompt_active"":null,""title_partner"":null,""prompt_partner"":null,""title_player_1"":null,""title_player_2"":null,""prompt_player_1"":null,""prompt_player_2"":null}]",[]
1185,v1_0400,v1,scene,Infirmière de garde,"{{active}}, tu es l'infirmière de garde et {{partner}} est un patient que tu n'as jamais rencontré. Il invente un motif de consultation de plus en plus gênant et tente ouvertement de te séduire. Pendant quatre minutes, reste professionnelle aussi longtemps que tu peux.",3,3,1,3,female,240,true,"[{""title"":""Service de nuit"",""prompt"":""{{active}} est l’infirmière de garde. {{partner}} arrive comme patient avec une gêne très embarrassante qu’il hésite à expliquer."",""step_no"":1,""title_active"":null,""prompt_active"":null,""title_partner"":null,""prompt_partner"":null,""title_player_1"":null,""title_player_2"":null,""prompt_player_1"":null,""prompt_player_2"":null},{""title"":""Triage"",""prompt"":""{{active}}, demande où se situe la gêne, depuis quand elle existe et ce qui l’aggrave. {{partner}} invente des réponses cohérentes mais de plus en plus gênantes."",""step_no"":2,""title_active"":null,""prompt_active"":null,""title_partner"":null,""prompt_partner"":null,""title_player_1"":null,""title_player_2"":null,""prompt_player_1"":null,""prompt_player_2"":null},{""title"":""Examen fictif"",""prompt"":""{{active}} explique calmement qu’une observation visuelle fictive de la zone concernée suffira pour orienter le médecin. {{partner}} joue le patient nerveux mais coopératif."",""step_no"":3,""title_active"":null,""prompt_active"":null,""title_partner"":null,""prompt_partner"":null,""title_player_1"":null,""title_player_2"":null,""prompt_player_1"":null,""prompt_player_2"":null},{""title"":""Missions privées"",""prompt"":""Les objectifs sont opposés."",""step_no"":4,""title_active"":""Professionnelle jusqu’au bout"",""prompt_active"":""{{active}}, ignore toute tentative de flirt et ramène systématiquement la conversation aux symptômes."",""title_partner"":""Fais-la craquer"",""prompt_partner"":""{{partner}}, essaie de transformer chacune de tes réponses en sous-entendu sans jamais admettre que tu flirtes."",""title_player_1"":null,""title_player_2"":null,""prompt_player_1"":null,""prompt_player_2"":null},{""title"":""Fin de garde"",""prompt"":""{{active}} donne au patient une recommandation fictive et met officiellement fin à la consultation."",""step_no"":5,""title_active"":null,""prompt_active"":null,""title_partner"":null,""prompt_partner"":null,""title_player_1"":null,""title_player_2"":null,""prompt_player_1"":null,""prompt_player_2"":null}]",[]
1186,v1_0401,v1,scene,Le string du restaurant,"Lors d'un prochain restaurant ensemble, {{active}} peut aller discrètement retirer son string aux toilettes puis le glisser à {{partner}} en revenant à table, sans attirer l'attention des autres personnes présentes.",4,3,1,3,female,null,true,"[{""title"":""À table"",""prompt"":""Vous êtes en plein dîner. Continuez votre conversation normalement. Rien ne doit laisser deviner qu’une mission vient de commencer."",""step_no"":1,""title_active"":null,""prompt_active"":null,""title_partner"":null,""prompt_partner"":null,""title_player_1"":null,""title_player_2"":null,""prompt_player_1"":null,""prompt_player_2"":null},{""title"":""Mission privée"",""prompt"":""Lisez chacun votre écran."",""step_no"":2,""title_active"":""Disparais quelques minutes"",""prompt_active"":""{{active}}, trouve un moment naturel pour quitter la table. Aux toilettes, retire discrètement ton string puis garde-le avec toi. Reviens sans donner la moindre explication."",""title_partner"":""Ne pose aucune question"",""prompt_partner"":""{{partner}}, {{active}} va s’absenter. À son retour, continue exactement comme si de rien n’était."",""title_player_1"":null,""title_player_2"":null,""prompt_player_1"":null,""prompt_player_2"":null},{""title"":""Le transfert"",""prompt"":""{{active}}, trouve une manière discrète de glisser le string à {{partner}} sans attirer l’attention autour de vous."",""step_no"":3,""title_active"":null,""prompt_active"":null,""title_partner"":null,""prompt_partner"":null,""title_player_1"":null,""title_player_2"":null,""prompt_player_1"":null,""prompt_player_2"":null},{""title"":""Le secret"",""prompt"":""Le dîner continue normalement. Jusqu’à la fin de cette scène, aucun de vous ne parle explicitement de ce qui vient de se passer."",""step_no"":4,""title_active"":null,""prompt_active"":null,""title_partner"":null,""prompt_partner"":null,""title_player_1"":null,""title_player_2"":null,""prompt_player_1"":null,""prompt_player_2"":null}]",[]
1187,v1_0402,v1,scene,Le secret du dîner,"{{active}} ne porte plus de culotte sous sa tenue. Pendant le reste du dîner, vous seuls savez ce qui a changé. Aucun geste visible : tout le jeu repose sur ce secret.",3,3,1,3,female,null,true,"[{""title"":""Personne ne sait"",""prompt"":""{{active}} ne porte plus de culotte sous sa tenue. Continuez le dîner comme si rien n’avait changé."",""step_no"":1,""title_active"":null,""prompt_active"":null,""title_partner"":null,""prompt_partner"":null,""title_player_1"":null,""title_player_2"":null,""prompt_player_1"":null,""prompt_player_2"":null},{""title"":""Le seul indice"",""prompt"":""Les consignes sont privées."",""step_no"":2,""title_active"":""Reste naturelle"",""prompt_active"":""{{active}}, ne touche pas ta tenue et ne donne aucun signe volontaire. Ton seul objectif est de paraître parfaitement normale."",""title_partner"":""Garde le secret"",""prompt_partner"":""{{partner}}, tu es le seul à connaître le changement. Regarde {{active}} de temps en temps, mais ne fais aucun geste qui pourrait être remarqué."",""title_player_1"":null,""title_player_2"":null,""prompt_player_1"":null,""prompt_player_2"":null},{""title"":""Conversation ordinaire"",""prompt"":""Pendant deux minutes, parlez d’un sujet totalement banal tout en gardant ce secret entre vous."",""step_no"":3,""title_active"":null,""prompt_active"":null,""title_partner"":null,""prompt_partner"":null,""title_player_1"":null,""title_player_2"":null,""prompt_player_1"":null,""prompt_player_2"":null},{""title"":""Un dernier regard"",""prompt"":""Avant de terminer la scène, {{partner}} doit faire comprendre à {{active}} par un simple regard qu’il ou elle n’a rien oublié."",""step_no"":4,""title_active"":null,""prompt_active"":null,""title_partner"":null,""prompt_partner"":null,""title_player_1"":null,""title_player_2"":null,""prompt_player_1"":null,""prompt_player_2"":null}]",[]
1188,v1_0403,v1,scene,Pas le lit,"Pendant cinq minutes, le lit est interdit. Choisissez un autre endroit privé et sûr de la maison et adaptez entièrement votre manière de jouer à cet espace.",4,3,2,3,null,300,true,"[{""title"":""Le lit est interdit"",""prompt"":""Quittez immédiatement le lit ou la chambre et choisissez un autre endroit privé et sûr."",""step_no"":1,""title_active"":null,""prompt_active"":null,""title_partner"":null,""prompt_partner"":null,""title_player_1"":null,""title_player_2"":null,""prompt_player_1"":null,""prompt_player_2"":null},{""title"":""Faites avec l’espace"",""prompt"":""Utilisez le mobilier et la place disponibles tels quels. Pas de retour vers vos habitudes de chambre."",""step_no"":2,""title_active"":null,""prompt_active"":null,""title_partner"":null,""prompt_partner"":null,""title_player_1"":null,""title_player_2"":null,""prompt_player_1"":null,""prompt_player_2"":null},{""title"":""Règle privée"",""prompt"":""Le lieu vous impose quelque chose."",""step_no"":3,""title_active"":""Trouve une nouvelle position"",""prompt_active"":""{{active}}, place-toi d’une manière que cet endroit permet mais que vous n’utiliseriez presque jamais dans le lit."",""title_partner"":""Adapte-toi"",""prompt_partner"":""{{partner}}, prends cette position comme point de départ et dirige la suite sans la transformer en copie de votre routine."",""title_player_1"":null,""title_player_2"":null,""prompt_player_1"":null,""prompt_player_2"":null},{""title"":""Cinq minutes ailleurs"",""prompt"":""Restez dans ce lieu jusqu’à la fin de la scène. Le lit reste hors jeu."",""step_no"":4,""title_active"":null,""prompt_active"":null,""title_partner"":null,""prompt_partner"":null,""title_player_1"":null,""title_player_2"":null,""prompt_player_1"":null,""prompt_player_2"":null}]",[]
1189,v1_0404,v1,scene,Laboratoire sensoriel,"Pendant trois minutes, {{active}} ne cherche pas directement l'orgasme de {{partner}}. Utilise uniquement température, textures, souffle, pression et contact pour faire monter progressivement la tension.",5,3,3,3,null,180,true,"[{""title"":""Laboratoire"",""prompt"":""{{partner}} s’installe. {{active}} n’a qu’un objectif : provoquer des réactions sans chercher directement l’orgasme."",""step_no"":1,""title_active"":null,""prompt_active"":null,""title_partner"":null,""prompt_partner"":null,""title_player_1"":null,""title_player_2"":null,""prompt_player_1"":null,""prompt_player_2"":null},{""title"":""Premier test"",""prompt"":""{{active}}, utilise seulement deux sensations parmi souffle, température, texture, pression ou contact léger. Alterne-les lentement."",""step_no"":2,""title_active"":null,""prompt_active"":null,""title_partner"":null,""prompt_partner"":null,""title_player_1"":null,""title_player_2"":null,""prompt_player_1"":null,""prompt_player_2"":null},{""title"":""Rapport secret"",""prompt"":""Les rôles se séparent."",""step_no"":3,""title_active"":""Observe"",""prompt_active"":""{{active}}, ne demande rien. Observe les réactions de {{partner}} et choisis toi-même ce qui semble fonctionner le mieux."",""title_partner"":""Ne donne pas la réponse"",""prompt_partner"":""{{partner}}, ne dis pas ce que tu préfères. Laisse uniquement ton corps et tes réactions guider {{active}}."",""title_player_1"":null,""title_player_2"":null,""prompt_player_1"":null,""prompt_player_2"":null},{""title"":""Contraste"",""prompt"":""{{active}}, passe maintenant d’une sensation très douce à une sensation nettement plus marquée, puis reviens au calme. Répète deux fois."",""step_no"":4,""title_active"":null,""prompt_active"":null,""title_partner"":null,""prompt_partner"":null,""title_player_1"":null,""title_player_2"":null,""prompt_player_1"":null,""prompt_player_2"":null},{""title"":""Conclusion scientifique"",""prompt"":""{{active}} choisit la combinaison qui a provoqué la réaction la plus forte et la maintient jusqu’à la fin de la scène."",""step_no"":5,""title_active"":null,""prompt_active"":null,""title_partner"":null,""prompt_partner"":null,""title_player_1"":null,""title_player_2"":null,""prompt_player_1"":null,""prompt_player_2"":null}]",[]
1190,v1_0405,v1,scene,Deux inconnus,"Pendant cinq minutes, faites comme si vous ne vous connaissiez pas. L'un aborde l'autre, flirte et tente de repartir avec son numéro ou de l'inviter à poursuivre la soirée.",2,2,1,3,null,300,true,"[{""title"":""Première rencontre"",""prompt"":""Vous ne vous êtes jamais vus. Regardez-vous quelques secondes comme deux inconnus qui viennent de se remarquer."",""step_no"":1,""title_active"":null,""prompt_active"":null,""title_partner"":null,""prompt_partner"":null,""title_player_1"":null,""title_player_2"":null,""prompt_player_1"":null,""prompt_player_2"":null},{""title"":""L’approche"",""prompt"":""La rencontre commence."",""step_no"":2,""title_active"":""Aborde"",""prompt_active"":""{{active}}, trouve une excuse crédible pour venir parler à {{partner}}. Tu dois obtenir son prénom sans révéler le tien immédiatement."",""title_partner"":""Fais-le travailler"",""prompt_partner"":""{{partner}}, tu es intéressé mais pas encore convaincu. Ne donne pas ton prénom avant que {{active}} t’ait réellement donné envie de continuer."",""title_player_1"":null,""title_player_2"":null,""prompt_player_1"":null,""prompt_player_2"":null},{""title"":""Le flirt"",""prompt"":""Pendant trois minutes, utilisez uniquement vos personnages. Votre vraie relation n’existe plus."",""step_no"":3,""title_active"":null,""prompt_active"":null,""title_partner"":null,""prompt_partner"":null,""title_player_1"":null,""title_player_2"":null,""prompt_player_1"":null,""prompt_player_2"":null},{""title"":""Et maintenant ?"",""prompt"":""{{active}} tente d’obtenir le numéro de {{partner}} ou de l’inviter à poursuivre la soirée ailleurs. {{partner}} décide."",""step_no"":4,""title_active"":null,""prompt_active"":null,""title_partner"":null,""prompt_partner"":null,""title_player_1"":null,""title_player_2"":null,""prompt_player_1"":null,""prompt_player_2"":null}]",[]
1191,v1_0406,v1,scene,La liaison,"Pendant cinq minutes, jouez deux amants qui se retrouvent discrètement alors qu'ils ne devraient pas être ensemble. Gardez le secret et l'urgence comme moteur de la scène.",3,3,1,3,null,300,true,"[{""title"":""Retrouvailles interdites"",""prompt"":""Vous êtes deux amants qui ne devraient pas être ensemble. Vous venez enfin de vous retrouver seuls."",""step_no"":1,""title_active"":null,""prompt_active"":null,""title_partner"":null,""prompt_partner"":null,""title_player_1"":null,""title_player_2"":null,""prompt_player_1"":null,""prompt_player_2"":null},{""title"":""Pas de temps à perdre"",""prompt"":""Parlez comme si vous aviez dû attendre longtemps avant ce rendez-vous. Aucun détail de votre vraie vie ne doit entrer dans la scène."",""step_no"":2,""title_active"":null,""prompt_active"":null,""title_partner"":null,""prompt_partner"":null,""title_player_1"":null,""title_player_2"":null,""prompt_player_1"":null,""prompt_player_2"":null},{""title"":""Mission privée"",""prompt"":""Les objectifs s’opposent."",""step_no"":3,""title_active"":""Tu veux rester"",""prompt_active"":""{{active}}, fais comprendre à {{partner}} que tu veux prolonger la rencontre malgré le risque fictif d’être découverts."",""title_partner"":""Rappelle le risque"",""prompt_partner"":""{{partner}}, rappelle deux fois que vous devriez partir, tout en faisant exactement l’inverse dans ton attitude."",""title_player_1"":null,""title_player_2"":null,""prompt_player_1"":null,""prompt_player_2"":null},{""title"":""Quelques minutes volées"",""prompt"":""Laissez l’urgence fictive accélérer le rapprochement jusqu’à la fin de la scène."",""step_no"":4,""title_active"":null,""prompt_active"":null,""title_partner"":null,""prompt_partner"":null,""title_player_1"":null,""title_player_2"":null,""prompt_player_1"":null,""prompt_player_2"":null}]",[]
1192,v1_0407,v1,scene,Chambre d'hôtel,"Vous êtes deux amants qui n'ont qu'une courte fenêtre pour se retrouver dans une chambre d'hôtel. Pendant cinq minutes, jouez l'attente, le risque d'être découverts et l'envie de profiter du moment.",3,3,1,3,null,300,true,"[{""title"":""La porte vient de se fermer"",""prompt"":""Vous êtes dans une chambre d’hôtel et vous n’avez qu’une courte fenêtre avant de devoir repartir."",""step_no"":1,""title_active"":null,""prompt_active"":null,""title_partner"":null,""prompt_partner"":null,""title_player_1"":null,""title_player_2"":null,""prompt_player_1"":null,""prompt_player_2"":null},{""title"":""Pas de routine"",""prompt"":""Ne vous installez pas comme à la maison. Gardez l’impression d’un rendez-vous volé et limité dans le temps."",""step_no"":2,""title_active"":null,""prompt_active"":null,""title_partner"":null,""prompt_partner"":null,""title_player_1"":null,""title_player_2"":null,""prompt_player_1"":null,""prompt_player_2"":null},{""title"":""Missions privées"",""prompt"":""Les personnages ont des priorités différentes."",""step_no"":3,""title_active"":""Tu veux profiter de chaque minute"",""prompt_active"":""{{active}}, pousse la scène à avancer sans perdre du temps en hésitations ou discussions inutiles."",""title_partner"":""Fais monter l’attente"",""prompt_partner"":""{{partner}}, ralentis volontairement un moment précis avant de céder à l’urgence."",""title_player_1"":null,""title_player_2"":null,""prompt_player_1"":null,""prompt_player_2"":null},{""title"":""Dernières minutes"",""prompt"":""Agissez comme si vous deviez quitter la chambre juste après cette étape. Terminez la scène sur cette urgence."",""step_no"":4,""title_active"":null,""prompt_active"":null,""title_partner"":null,""prompt_partner"":null,""title_player_1"":null,""title_player_2"":null,""prompt_player_1"":null,""prompt_player_2"":null}]",[]
1193,v1_0408,v1,scene,Ta pute,"{{active}}, ce soir tu joues un personnage assumé et provocateur pour {{partner}}. Entre dans la pièce comme si vous ne vous connaissiez presque pas et, au moment qui te paraît juste, glisse-lui clairement : « je suis ta pute ». Garde ce rôle pendant trois minutes sans sortir du personnage.",4,3,2,3,female,180,true,"[{""title"":""Entre dans la pièce"",""prompt"":""{{active}} entre comme un personnage assumé et provocateur que {{partner}} ne connaît presque pas."",""step_no"":1,""title_active"":null,""prompt_active"":null,""title_partner"":null,""prompt_partner"":null,""title_player_1"":null,""title_player_2"":null,""prompt_player_1"":null,""prompt_player_2"":null},{""title"":""Présente-toi sans te présenter"",""prompt"":""{{active}}, approche {{partner}} et fais comprendre ton personnage uniquement par ton attitude, sans encore utiliser la phrase clé."",""step_no"":2,""title_active"":null,""prompt_active"":null,""title_partner"":null,""prompt_partner"":null,""title_player_1"":null,""title_player_2"":null,""prompt_player_1"":null,""prompt_player_2"":null},{""title"":""La phrase"",""prompt"":""Au moment que tu choisis, {{active}}, regarde {{partner}} et dis clairement : « je suis ta pute ». À partir de cet instant, ne casse plus le rôle."",""step_no"":3,""title_active"":null,""prompt_active"":null,""title_partner"":null,""prompt_partner"":null,""title_player_1"":null,""title_player_2"":null,""prompt_player_1"":null,""prompt_player_2"":null},{""title"":""Mission privée"",""prompt"":""Les objectifs deviennent opposés."",""step_no"":4,""title_active"":""Assume"",""prompt_active"":""{{active}}, réponds aux provocations de {{partner}} avec assurance. Pas d’excuse, pas de rire pour sortir du personnage."",""title_partner"":""Teste le personnage"",""prompt_partner"":""{{partner}}, donne trois consignes de rôle courtes, dans vos limites connues, pour voir jusqu’où {{active}} tient son personnage."",""title_player_1"":null,""title_player_2"":null,""prompt_player_1"":null,""prompt_player_2"":null},{""title"":""Trois minutes sans sortir"",""prompt"":""Continuez jusqu’à la fin de la scène sans utiliser vos comportements habituels de couple."",""step_no"":5,""title_active"":null,""prompt_active"":null,""title_partner"":null,""prompt_partner"":null,""title_player_1"":null,""title_player_2"":null,""prompt_player_1"":null,""prompt_player_2"":null}]",[]
1194,v1_0409,v1,scene,Le rôle qu'il te donne,"{{active}}, laisse {{partner}} te donner un prénom, une attitude et un rôle de pute pour cette scène. Tu peux négocier une règle ou une limite avant de commencer, puis joue le personnage pendant trois minutes comme si votre vraie relation n'existait plus.",4,3,2,3,female,180,true,"[{""title"":""Nouvelle identité"",""prompt"":""{{partner}} regarde {{active}} et doit lui donner un nouveau prénom, une attitude et un rôle provocateur précis."",""step_no"":1,""title_active"":null,""prompt_active"":null,""title_partner"":null,""prompt_partner"":null,""title_player_1"":null,""title_player_2"":null,""prompt_player_1"":null,""prompt_player_2"":null},{""title"":""Contrat du personnage"",""prompt"":""{{active}} peut imposer une seule limite de jeu. Ensuite, le personnage commence immédiatement."",""step_no"":2,""title_active"":null,""prompt_active"":null,""title_partner"":null,""prompt_partner"":null,""title_player_1"":null,""title_player_2"":null,""prompt_player_1"":null,""prompt_player_2"":null},{""title"":""Première scène"",""prompt"":""{{partner}} crée une situation précise où ce personnage doit se présenter, séduire ou obéir selon le rôle défini."",""step_no"":3,""title_active"":null,""prompt_active"":null,""title_partner"":null,""prompt_partner"":null,""title_player_1"":null,""title_player_2"":null,""prompt_player_1"":null,""prompt_player_2"":null},{""title"":""Consignes privées"",""prompt"":""Chacun reçoit une mission."",""step_no"":4,""title_active"":""Ne redeviens pas toi"",""prompt_active"":""{{active}}, même si {{partner}} te déstabilise, réponds uniquement comme ton personnage."",""title_partner"":""Pousse la cohérence"",""prompt_partner"":""{{partner}}, utilise le prénom donné et rappelle une caractéristique du rôle chaque fois que {{active}} revient vers son comportement habituel."",""title_player_1"":null,""title_player_2"":null,""prompt_player_1"":null,""prompt_player_2"":null},{""title"":""Fin du personnage"",""prompt"":""{{partner}} choisit une dernière phrase ou consigne. {{active}} reste dans son rôle jusqu’à l’avoir exécutée."",""step_no"":5,""title_active"":null,""prompt_active"":null,""title_partner"":null,""prompt_partner"":null,""title_player_1"":null,""title_player_2"":null,""prompt_player_1"":null,""prompt_player_2"":null}]",[]
1195,v1_0410,v1,scene,Monsieur est servi,"{{active}}, pendant quatre minutes tu es le domestique sexy de {{partner}}. Compose une tenue qui joue clairement le rôle, appelle-la Madame et exécute trois demandes raisonnables de service sans discuter.",3,3,1,3,male,240,true,"[{""title"":""En service, Monsieur"",""prompt"":""{{active}} devient le domestique sexy de {{partner}} et doit l’appeler Madame pendant toute la scène."",""step_no"":1,""title_active"":null,""prompt_active"":null,""title_partner"":null,""prompt_partner"":null,""title_player_1"":null,""title_player_2"":null,""prompt_player_1"":null,""prompt_player_2"":null},{""title"":""Première demande"",""prompt"":""Madame donne une première demande raisonnable et précise. {{active}} l’exécute sans discuter."",""step_no"":2,""title_active"":null,""prompt_active"":null,""title_partner"":null,""prompt_partner"":null,""title_player_1"":null,""title_player_2"":null,""prompt_player_1"":null,""prompt_player_2"":null},{""title"":""Service sous pression"",""prompt"":""Les objectifs diffèrent."",""step_no"":3,""title_active"":""Impeccable"",""prompt_active"":""{{active}}, garde une posture de domestique irréprochable, mais rends volontairement chacun de tes gestes un peu trop séduisant."",""title_partner"":""Madame décide"",""prompt_partner"":""{{partner}}, donne deux demandes supplémentaires. La seconde doit forcer {{active}} à se rapprocher de toi tout en restant dans son rôle."",""title_player_1"":null,""title_player_2"":null,""prompt_player_1"":null,""prompt_player_2"":null},{""title"":""Inspection du service"",""prompt"":""{{partner}} évalue à voix haute le travail de {{active}} et lui donne une dernière correction à appliquer."",""step_no"":4,""title_active"":null,""prompt_active"":null,""title_partner"":null,""prompt_partner"":null,""title_player_1"":null,""title_player_2"":null,""prompt_player_1"":null,""prompt_player_2"":null}]",[]
1196,v1_0411,v1,scene,Le majordome indiscipliné,"{{active}}, tu es le nouveau serviteur de {{partner}}, très compétent mais manifestement beaucoup trop charmeur. Pendant trois minutes, accomplis ce qu'elle te demande tout en essayant de lui faire perdre son sérieux sans jamais abandonner ton rôle.",3,3,1,3,male,180,true,"[{""title"":""Nouveau majordome"",""prompt"":""{{active}} est le nouveau serviteur de {{partner}} : compétent, poli et manifestement beaucoup trop charmeur."",""step_no"":1,""title_active"":null,""prompt_active"":null,""title_partner"":null,""prompt_partner"":null,""title_player_1"":null,""title_player_2"":null,""prompt_player_1"":null,""prompt_player_2"":null},{""title"":""Première tâche"",""prompt"":""{{partner}} donne une tâche simple. {{active}} l’exécute parfaitement tout en cherchant un moyen subtil de flirter."",""step_no"":2,""title_active"":null,""prompt_active"":null,""title_partner"":null,""prompt_partner"":null,""title_player_1"":null,""title_player_2"":null,""prompt_player_1"":null,""prompt_player_2"":null},{""title"":""Duel privé"",""prompt"":""Chacun a un objectif secret."",""step_no"":3,""title_active"":""Fais-la craquer"",""prompt_active"":""{{active}}, essaie de provoquer un sourire, un compliment ou une perte de sérieux chez {{partner}} sans désobéir à ses demandes."",""title_partner"":""Reste impassible"",""prompt_partner"":""{{partner}}, ne laisse paraître aucune réaction au flirt de {{active}}. Continue à lui parler comme à un employé."",""title_player_1"":null,""title_player_2"":null,""prompt_player_1"":null,""prompt_player_2"":null},{""title"":""Dernière chance"",""prompt"":""{{active}} a une dernière tâche pour réussir à faire perdre son sérieux à {{partner}}. Si {{partner}} reste impassible, il ou elle gagne la scène."",""step_no"":4,""title_active"":null,""prompt_active"":null,""title_partner"":null,""prompt_partner"":null,""title_player_1"":null,""title_player_2"":null,""prompt_player_1"":null,""prompt_player_2"":null}]",[]
1197,v1_0412,v1,scene,Consultation privée,"Vous êtes deux inconnus : l'un est médecin, l'autre patient. Le patient arrive avec des symptômes volontairement embarrassants et une attitude beaucoup trop provocatrice. Pendant quatre minutes, le médecin doit mener une consultation crédible sans perdre son professionnalisme.",3,3,1,3,null,240,true,"[{""title"":""Salle de consultation"",""prompt"":""{{active}} est le patient. {{partner}} est le médecin. Le patient vient pour une inquiétude précise concernant sa poitrine et demande à être rassuré."",""step_no"":1,""title_active"":null,""prompt_active"":null,""title_partner"":null,""prompt_partner"":null,""title_player_1"":null,""title_player_2"":null,""prompt_player_1"":null,""prompt_player_2"":null},{""title"":""Anamnèse"",""prompt"":""{{partner}}, pose trois questions sérieuses : depuis quand, quelle sensibilité ou gêne, et ce qui inquiète exactement {{active}}. {{active}} répond comme un vrai patient."",""step_no"":2,""title_active"":null,""prompt_active"":null,""title_partner"":null,""prompt_partner"":null,""title_player_1"":null,""title_player_2"":null,""prompt_player_1"":null,""prompt_player_2"":null},{""title"":""Inspection fictive"",""prompt"":""Le médecin explique qu’il va procéder à une inspection visuelle fictive et demande au patient de préciser où se situe la gêne. Aucun geste médical réel n’est nécessaire."",""step_no"":3,""title_active"":null,""prompt_active"":null,""title_partner"":null,""prompt_partner"":null,""title_player_1"":null,""title_player_2"":null,""prompt_player_1"":null,""prompt_player_2"":null},{""title"":""Objectifs privés"",""prompt"":""Les rôles se compliquent."",""step_no"":4,""title_active"":""Rends l’échange ambigu"",""prompt_active"":""{{active}}, réponds sérieusement mais glisse progressivement des détails qui rendent la consultation plus personnelle et déstabilisante."",""title_partner"":""Reste médecin"",""prompt_partner"":""{{partner}}, traite chaque remarque comme une information clinique parfaitement normale. Ton objectif est de ne jamais perdre ton professionnalisme."",""title_player_1"":null,""title_player_2"":null,""prompt_player_1"":null,""prompt_player_2"":null},{""title"":""Diagnostic"",""prompt"":""{{partner}} formule un diagnostic fictif très sérieux et donne une recommandation de suivi tout aussi sérieuse. {{active}} doit accepter le verdict sans sortir du rôle."",""step_no"":5,""title_active"":null,""prompt_active"":null,""title_partner"":null,""prompt_partner"":null,""title_player_1"":null,""title_player_2"":null,""prompt_player_1"":null,""prompt_player_2"":null}]",[]
1198,v1_0413,v1,scene,Infirmier de garde,"{{active}}, tu es l'infirmier de garde et {{partner}} est une patiente inconnue beaucoup trop à l'aise avec toi. Elle invente ses symptômes et cherche volontairement à rendre la consultation ambiguë. Tiens ton rôle pendant quatre minutes.",3,3,1,3,male,240,true,"[{""title"":""Consultation nocturne"",""prompt"":""{{active}} est l’infirmier de garde. {{partner}} est une patiente inconnue venue pour une sensibilité inhabituelle au niveau de la poitrine."",""step_no"":1,""title_active"":null,""prompt_active"":null,""title_partner"":null,""prompt_partner"":null,""title_player_1"":null,""title_player_2"":null,""prompt_player_1"":null,""prompt_player_2"":null},{""title"":""Questions obligatoires"",""prompt"":""{{active}}, pose trois questions précises sur la gêne, sa durée et ce que {{partner}} a remarqué. {{partner}} répond sérieusement."",""step_no"":2,""title_active"":null,""prompt_active"":null,""title_partner"":null,""prompt_partner"":null,""title_player_1"":null,""title_player_2"":null,""prompt_player_1"":null,""prompt_player_2"":null},{""title"":""Vérification fictive"",""prompt"":""L’infirmier explique qu’il va faire une inspection visuelle fictive pour vérifier l’absence de signe inquiétant. La patiente indique exactement la zone qu’elle veut faire contrôler."",""step_no"":3,""title_active"":null,""prompt_active"":null,""title_partner"":null,""prompt_partner"":null,""title_player_1"":null,""title_player_2"":null,""prompt_player_1"":null,""prompt_player_2"":null},{""title"":""Missions privées"",""prompt"":""La consultation se tend."",""step_no"":4,""title_active"":""Ne perds pas ton sérieux"",""prompt_active"":""{{active}}, reste purement professionnel même si les réponses de {{partner}} deviennent provocantes."",""title_partner"":""Teste-le"",""prompt_partner"":""{{partner}}, rends progressivement tes réponses plus ambiguës tout en conservant un ton de patiente très sérieuse."",""title_player_1"":null,""title_player_2"":null,""prompt_player_1"":null,""prompt_player_2"":null},{""title"":""Compte rendu"",""prompt"":""{{active}} donne un compte rendu fictif et annonce la suite recommandée. {{partner}} doit poser une dernière question embarrassante avant de partir."",""step_no"":5,""title_active"":null,""prompt_active"":null,""title_partner"":null,""prompt_partner"":null,""title_player_1"":null,""title_player_2"":null,""prompt_player_1"":null,""prompt_player_2"":null}]",[]
1199,v1_0414,v1,scene,Le patient provocateur,"{{active}}, tu es le patient et {{partner}} le médecin. Invente trois symptômes absurdes ou très inappropriés qui l'obligent à te poser des questions embarrassantes. Ton objectif pendant trois minutes : lui faire perdre son sérieux sans sortir du personnage.",3,3,1,3,null,180,true,"[{""title"":""Patient difficile"",""prompt"":""{{active}} est le patient. {{partner}} est le médecin. {{active}} arrive avec un premier symptôme intime qu’il décrit beaucoup trop franchement."",""step_no"":1,""title_active"":null,""prompt_active"":null,""title_partner"":null,""prompt_partner"":null,""title_player_1"":null,""title_player_2"":null,""prompt_player_1"":null,""prompt_player_2"":null},{""title"":""Trois symptômes"",""prompt"":""{{active}}, annonce successivement trois problèmes fictifs : une sensibilité excessive, une réaction embarrassante au contact et une inquiétude sur ton niveau d’excitation. {{partner}} doit poser au moins une question sérieuse sur chacun."",""step_no"":2,""title_active"":null,""prompt_active"":null,""title_partner"":null,""prompt_partner"":null,""title_player_1"":null,""title_player_2"":null,""prompt_player_1"":null,""prompt_player_2"":null},{""title"":""Le médecin enquête"",""prompt"":""{{partner}} reformule calmement les trois symptômes et demande lequel gêne réellement le patient le plus."",""step_no"":3,""title_active"":null,""prompt_active"":null,""title_partner"":null,""prompt_partner"":null,""title_player_1"":null,""title_player_2"":null,""prompt_player_1"":null,""prompt_player_2"":null},{""title"":""Objectifs privés"",""prompt"":""Le duel commence."",""step_no"":4,""title_active"":""Fais-le craquer"",""prompt_active"":""{{active}}, réponds avec le plus grand sérieux possible tout en rendant chaque réponse plus provocante."",""title_partner"":""Ne ris jamais"",""prompt_partner"":""{{partner}}, garde un ton clinique impeccable. Si tu ris ou quittes ton rôle, {{active}} gagne immédiatement."",""title_player_1"":null,""title_player_2"":null,""prompt_player_1"":null,""prompt_player_2"":null},{""title"":""Verdict"",""prompt"":""{{partner}} invente un diagnostic cohérent avec les trois symptômes et donne au patient une prescription fictive volontairement très sérieuse."",""step_no"":5,""title_active"":null,""prompt_active"":null,""title_partner"":null,""prompt_partner"":null,""title_player_1"":null,""title_player_2"":null,""prompt_player_1"":null,""prompt_player_2"":null}]",[]
1200,v1_0415,v1,scene,Deuxième avis,Vous ne vous connaissez pas. {{active}} vient demander un deuxième avis médical à {{partner}} pour un problème qu'il ou elle refuse d'expliquer clairement. Faites monter les sous-entendus pendant trois minutes tout en gardant une consultation parfaitement sérieuse en apparence.,3,3,1,3,null,180,true,"[{""title"":""Deuxième avis"",""prompt"":""{{active}} vient consulter {{partner}} parce qu’un premier médecin n’a pas réussi à expliquer son problème."",""step_no"":1,""title_active"":null,""prompt_active"":null,""title_partner"":null,""prompt_partner"":null,""title_player_1"":null,""title_player_2"":null,""prompt_player_1"":null,""prompt_player_2"":null},{""title"":""Tu refuses d’expliquer"",""prompt"":""{{active}}, donne seulement trois indices : où se situe le problème, quand il apparaît et pourquoi tu trouves ça embarrassant. Ne donne pas directement la réponse."",""step_no"":2,""title_active"":null,""prompt_active"":null,""title_partner"":null,""prompt_partner"":null,""title_player_1"":null,""title_player_2"":null,""prompt_player_1"":null,""prompt_player_2"":null},{""title"":""Interrogatoire"",""prompt"":""{{partner}} doit poser jusqu’à cinq questions pour comprendre ce que {{active}} essaie de cacher. {{active}} répond uniquement à la question posée."",""step_no"":3,""title_active"":null,""prompt_active"":null,""title_partner"":null,""prompt_partner"":null,""title_player_1"":null,""title_player_2"":null,""prompt_player_1"":null,""prompt_player_2"":null},{""title"":""Mission privée"",""prompt"":""Les objectifs divergent."",""step_no"":4,""title_active"":""Entretiens le mystère"",""prompt_active"":""{{active}}, réponds assez clairement pour être crédible mais garde toujours un détail essentiel pour la question suivante."",""title_partner"":""Trouve la vérité"",""prompt_partner"":""{{partner}}, formule à voix haute ton hypothèse sur le vrai problème et observe la réaction de {{active}} avant de poursuivre."",""title_player_1"":null,""title_player_2"":null,""prompt_player_1"":null,""prompt_player_2"":null},{""title"":""Deuxième verdict"",""prompt"":""{{partner}} annonce son diagnostic fictif final. {{active}} révèle enfin si le médecin avait compris le problème qu’il ou elle jouait."",""step_no"":5,""title_active"":null,""prompt_active"":null,""title_partner"":null,""prompt_partner"":null,""title_player_1"":null,""title_player_2"":null,""prompt_player_1"":null,""prompt_player_2"":null}]",[]
1201,v1_0416,v1,duel,L’aveu exact,Écrivez chacun un fantasme. Chacun tente de deviner celui de l’autre en posant trois questions fermées. Le premier qui trouve choisit le prochain lieu.,1,3,1,3,null,null,true,[],[]
1202,v1_0417,v1,duel,Les trois mots interdits,Chacun choisit trois mots sexuels qu’il interdit à l’autre. Défendez pendant une minute votre scénario préféré. Le premier qui prononce un mot interdit perd.,1,3,1,3,null,null,true,[],[]
1203,v1_0418,v1,duel,La destination secrète,"Choisissez secrètement une pièce de la maison. À tour de rôle, faites deviner votre destination avec trois indices provocants. Le moins d’indices nécessaires gagne.",1,3,1,3,null,null,true,[],[]
1204,v1_0419,v1,duel,Fausse confession,"Chacun annonce trois affirmations sur ses préférences sexuelles, dont une fausse. Le partenaire doit identifier le mensonge. Deux bonnes réponses remportent le duel.",1,3,1,3,null,null,true,[],[]
1205,v1_0420,v1,duel,Le défi des interdictions,Chacun annonce une règle de vocabulaire pendant trente secondes. Le premier qui enfreint la règle de l’autre perd.,1,3,1,3,null,null,true,[],[]
1206,v1_0421,v1,duel,Le regard de trente secondes,Asseyez-vous face à face. Chacun doit annoncer une envie sexuelle précise sans détourner les yeux. Le premier qui interrompt son énoncé perd.,1,3,1,3,null,null,true,[],[]
1207,v1_0422,v1,duel,Le mot de passe,Écrivez chacun un mot décrivant un accessoire ou un fantasme. L’autre dispose de quatre questions pour trouver son mot. Le plus rapide gagne.,1,3,1,3,null,null,true,[],[]
1208,v1_0423,v1,duel,Deux invitations,Chacun rédige une invitation sexuelle courte avec une heure et une destination précises. Tirez au sort celle qui servira de décor à la prochaine carte.,1,3,1,3,null,null,true,[],[]
1209,v1_0424,v1,duel,Qui connaît l’autre ?,Chacun note séparément l’accessoire qu’il pense être le favori de son partenaire. Révélez vos choix : une bonne réponse rapporte un point.,1,3,1,3,null,null,true,[],[]
1210,v1_0425,v1,duel,La meilleure mémoire,Chacun décrit à tour de rôle trois détails précis d’un souvenir intime commun. Le joueur qui oublie un détail vérifiable perd.,1,3,1,3,null,null,true,[],[]
1211,v1_0426,v1,duel,La phrase interdite,"Chacun doit proposer pendant trente secondes un scénario sexuel original sans prononcer les mots « chambre », « lit » ni « envie ». Une erreur fait perdre le duel.",1,3,1,3,null,null,true,[],[]
1212,v1_0427,v1,duel,Le pari de la lingerie,Écrivez chacun le vêtement que vous pensez voir choisi par l’autre pour un scénario. Comparez les réponses. Une correspondance remporte le duel.,1,3,1,3,null,null,true,[],[]
1213,v1_0428,v1,duel,Le miroir chronométré,"À tour de rôle, composez en trente secondes une pose suggestive devant le miroir. Le partenaire tente de la reproduire en quinze secondes. Le plus précis gagne.",2,3,2,3,null,null,true,[],[]
1214,v1_0429,v1,duel,Les personnages cachés,Incarnez chacun un personnage adulte secret et interrogez-vous pendant deux minutes. Le premier qui identifie le personnage de l’autre gagne.,2,3,2,3,null,null,true,[],[]
1215,v1_0430,v1,duel,Le casting express,Chacun dispose de quarante secondes pour vendre son scénario de jeu de rôle. Tirez une enveloppe préparée par PROTOCOL : elle attribue le prochain rôle principal.,2,3,2,3,null,null,true,[],[]
1216,v1_0431,v1,duel,Le rendez-vous clandestin,"En une minute, rédigez séparément une invitation fictive avec un lieu, un code et un personnage. Le premier qui retrouve le lieu dans l’invitation adverse gagne.",2,3,2,3,null,null,true,[],[]
1217,v1_0432,v1,duel,Le défilé inattendu,Chacun choisit trois vêtements pour composer un personnage adulte. Vous avez deux minutes. Le premier qui fait deviner son personnage sans l’annoncer gagne.,2,3,2,3,null,null,true,[],[]
1218,v1_0433,v1,duel,La photo imaginaire,Chacun guide l’autre dans une pose photographique suggestive. Le plus rapide à reproduire une pose proposée ensuite par son partenaire gagne.,2,3,2,3,null,null,true,[],[]
1219,v1_0434,v1,duel,Le sourire interdit,Placez-vous face à face. Racontez chacun un souvenir intime en conservant un visage parfaitement sérieux. Le premier qui rit perd.,1,3,1,3,null,null,true,[],[]
1220,v1_0435,v1,duel,La proposition muette,Chacun mime à tour de rôle un lieu et un scénario sexuel. L’autre dispose de deux tentatives pour retrouver les deux éléments. Le plus grand nombre de bonnes réponses gagne.,1,3,1,3,null,null,true,[],[]
1221,v1_0436,v1,duel,La lettre codée,Écrivez chacun une invitation utilisant uniquement cinq mots. L’autre doit retrouver précisément la destination et le personnage. Le plus clair gagne.,1,3,1,3,null,null,true,[],[]
1222,v1_0437,v1,duel,Le défi du miroir,"Sans regarder directement {{partner}}, tentez chacun de lui transmettre une consigne uniquement à travers le miroir. Le premier qui réussit gagne.",2,3,2,3,null,null,true,[],[]
1223,v1_0438,v1,duel,L’interrogatoire croisé,Chacun pose cinq questions à l’autre pour découvrir un fantasme qu’il n’a pas encore révélé. Le premier qui obtient une réponse précise choisit le prochain tour.,1,3,1,3,null,null,true,[],[]
1224,v1_0439,v1,duel,Résiste,"À tour de rôle, chacun a trente secondes pour faire réagir l'autre avec ses mains. Celui qui résiste le moins gagne le doute, mais perd le duel.",3,2,3,2,null,60,true,[],[]
1225,v1_0440,v1,duel,Impassible,Chacun dispose de trente secondes pour masturber l'autre. Celui qui arrive le moins à cacher sa réaction perd.,2,2,3,2,null,60,true,[],[]
1226,v1_0441,v1,duel,Masturbation,Chacun masturbe l'autre pendant trente secondes. Décidez qui a le plus clairement perdu son calme.,2,3,3,2,null,60,true,[],[]
1227,v1_0442,v1,duel,Interdit de jouir,"Pendant une minute chacun, essayez de pousser l'autre le plus près possible de son point de rupture sans le laisser aller jusqu'au bout. Décidez qui a le mieux contrôlé l'autre.",4,3,3,3,null,120,true,[],[]
1228,v1_0443,v1,duel,Le jouet,Utilisez le même jouet à tour de rôle pendant trente secondes chacun. Celui qui garde le moins son calme perd.,3,3,3,3,null,60,true,[],[]
1229,v1_0444,v1,duel,Le point de rupture,"À tour de rôle, chacun dispose d'une minute pour pousser l'autre le plus près possible de l'orgasme sans le laisser finir. Décidez qui a le mieux contrôlé la situation.",5,3,3,3,null,120,true,[],[]
1230,v1_0445,v1,duel,Le jouet : duel des réactions,"Avec le même jouet, vous avez chacun une minute pour provoquer la plus forte réaction chez l'autre. Décidez du gagnant.",3,3,3,3,null,120,true,[],[]
1231,v1_0446,v1,duel,Ne supplie pas,"Chacun tente de faire demander à l'autre de continuer, plus vite ou plus fort. Le premier qui formule clairement la demande perd.",4,3,3,3,null,null,true,[],[]
1232,v1_0447,v1,duel,Au bord,Chacun dispose d’une minute pour amener l’autre aussi près que possible de l’orgasme sans le laisser finir. Décidez qui a été le plus cruel.,5,3,3,3,null,120,true,[],[]
1233,v1_0448,v1,duel,Menotté,Menottez chacun votre tour l’autre pendant une minute. Celui qui crée la scène la plus excitante gagne.,3,3,3,3,null,60,true,[],[]
1234,v1_0449,v1,duel,La bouche,Chacun dispose d’une minute pendant laquelle il ne peut utiliser que sa bouche sur l’autre. Décidez qui a été le plus efficace.,3,3,3,2,null,120,true,[],[]
1235,v1_0450,v1,duel,Qui déconcentre qui ?,Installez-vous en 69 pendant une minute. Chacun essaie de faire perdre à l'autre le fil de ce qu'il ou elle était en train de faire. Celui qui s'arrête le premier perd.,5,3,3,3,null,120,true,[],[]
1236,v1_0451,v1,truth,La secrétaire,"Dans un jeu patron/secrétaire entre adultes, quel détail te ferait immédiatement entrer dans le rôle ?",1,2,1,2,null,null,true,[],[]
1237,v1_0452,v1,truth,Sous le bureau,"Dans un scénario sous le bureau, préférerais-tu être celui qui doit rester parfaitement professionnel ou celui qui essaie de le déconcentrer ?",1,3,1,3,null,null,true,[],[]
1238,v1_0453,v1,truth,Le signal,Quel geste discret de {{partner}} te fait comprendre immédiatement qu'il ou elle a envie de toi ?,1,2,1,2,null,null,true,[],[]
1239,v1_0454,v1,truth,La lèvre,Qu'est-ce que tu comprends quand {{partner}} se mord volontairement la lèvre en te regardant ?,1,2,1,2,null,null,true,[],[]
1240,v1_0455,v1,truth,Le fruit,"Quel aliment se prête le mieux, selon toi, à un jeu qui mime volontairement le sexe oral ?",1,2,1,2,null,null,true,[],[]
1241,v1_0456,v1,truth,Le doigt,Préférerais-tu sucer lentement le doigt de {{partner}} ou lui faire sucer le tien pour faire monter la tension ?,1,2,1,2,null,null,true,[],[]
1242,v1_0457,v1,truth,French maid,"Dans un rôle de French maid entre adultes, qu'est-ce qui t'attire le plus : la tenue, le service ou le rapport d'autorité ?",1,3,1,3,null,null,true,[],[]
1243,v1_0458,v1,truth,Soumission,"Quelle forme de soumission t'attire le plus : obéir, demander la permission, garder une position ou abandonner l'initiative ?",1,3,1,3,null,null,true,[],[]
1244,v1_0459,v1,truth,La patronne,Quelle consigne venant d'une femme qui prend totalement le contrôle te ferait le plus d'effet ?,1,3,1,3,null,null,true,[],[]
1245,v1_0460,v1,truth,Le patron,Quelle consigne venant d'un homme qui prend totalement le contrôle te ferait le plus d'effet ?,1,3,1,3,null,null,true,[],[]
1246,v1_0461,v1,truth,Retour de soirée,"Quel scénario te paraît le plus excitant après une soirée : continuer habillés, finir sous la douche ou improviser un quickie ?",1,2,1,2,null,null,true,[],[]
1247,v1_0462,v1,truth,La voiture,"Quelle situation sexuelle dans une voiture garée t'attire le plus : siège passager, banquette arrière ou simplement l'espace exigu ?",1,2,1,2,null,null,true,[],[]
1248,v1_0463,v1,truth,Le shooting,"Dans un shooting photo privé, préférerais-tu diriger, poser ou alterner les rôles ?",1,2,1,2,null,null,true,[],[]
1249,v1_0464,v1,truth,Le quickie,Quel endroit de la maison se prête le mieux à un quickie de trois minutes ?,1,2,1,2,null,null,true,[],[]
1250,v1_0465,v1,truth,Habillés,Quel vêtement aimerais-tu absolument que {{partner}} garde pendant un rapport sexuel ?,1,2,1,2,null,null,true,[],[]
1251,v1_0466,v1,truth,Le confessionnal,Quel aveu sexuel serait assez intéressant pour mériter une 'pénitence' décidée par {{partner}} ?,1,3,1,3,null,null,true,[],[]
1252,v1_0467,v1,truth,Derrière la porte,Qu'est-ce qui t'attire dans un jeu où tu ne vois qu'une partie du corps de {{partner}} à travers une ouverture ou derrière un rideau ?,1,3,1,3,null,null,true,[],[]
1253,v1_0468,v1,truth,Doucement,Quel geste très doux te fait pourtant monter rapidement en excitation ?,1,1,1,1,null,null,true,[],[]
1254,v1_0469,v1,truth,Complices,Quel souvenir de vous deux te fait encore sourire parce qu'il était à la fois tendre et franchement sexuel ?,1,1,1,2,null,null,true,[],[]
1255,v1_0470,v1,truth,Le niveau cinq,"Parmi domination, voyeurisme simulé, anal, sperme ou contrôle de l'orgasme, quel thème pourrait réellement mériter ton niveau 5 personnel ?",1,3,1,3,null,null,true,[],[]
1256,v1_0471,v1,action,Mords-toi la lèvre,"Pendant les trois prochaines cartes, chaque fois que tu veux que {{partner}} continue, mords-toi doucement la lèvre au lieu de le dire.",1,2,1,2,null,null,true,[],"[{""title"":""Le signal"",""active"":true,""rule_key"":""lip_signal"",""rule_text"":""Mords-toi la lèvre pour signifier que tu veux que ça continue."",""target_mode"":""active"",""duration_turns"":3}]"
1257,v1_0472,v1,action,Le doigt,Prends un doigt de {{partner}} en bouche et suce-le lentement pendant trente secondes en gardant les yeux sur lui ou elle.,2,2,2,2,null,30,true,[],[]
1258,v1_0473,v1,action,Le fruit,Choisis un fruit allongé ou une glace et mange-le très lentement devant {{partner}} en mimant volontairement une fellation.,2,3,1,2,null,null,true,[],[]
1259,v1_0474,v1,action,Regarde-moi,"Pendant une fellation, garde le contact visuel avec {{partner}} aussi longtemps que possible avant de détourner les yeux.",3,3,3,2,female,60,true,[],[]
1260,v1_0475,v1,action,Ne baisse pas les yeux,"Pendant une fellation, demande à {{partner}} de garder les yeux sur toi. Chaque fois que son regard fuit, ralentis ou arrête quelques secondes.",3,3,3,3,male,90,true,[],[]
1261,v1_0476,v1,action,String visible,Arrange ton string pour qu'il dépasse volontairement juste assez de ta tenue pour que {{partner}} le remarque sans commentaire.,2,3,1,2,female,null,true,[],[]
1262,v1_0477,v1,action,Encore visible,"Assieds-toi face à {{partner}} en jupe. Laisse ton string apparaître quelques secondes, puis reprends exactement ton attitude précédente.",2,3,1,2,female,null,true,[],[]
1263,v1_0478,v1,action,Sous le bureau,Installe-toi sous le bureau pendant que {{partner}} garde une activité normale pendant deux minutes. Ton objectif est de le déconcentrer sans qu'il abandonne ce qu'il faisait.,3,3,2,3,female,120,true,[],[]
1264,v1_0479,v1,action,Sous son bureau,"Pendant que {{partner}} reste assis au bureau, place-toi entre ses jambes et provoque-le pendant deux minutes sans lui permettre de quitter sa chaise.",3,3,3,3,female,120,true,[],[]
1265,v1_0480,v1,action,Ne lâche pas la manette,"{{active}}, lance une partie de jeu vidéo. {{partner}} dispose de trois minutes pour te déconcentrer. Tu perds si tu mets le jeu en pause ou poses la manette.",2,3,2,3,male,180,true,[],[]
1266,v1_0481,v1,action,Reste concentré,"Continue à lire, travailler ou regarder quelque chose pendant deux minutes pendant que {{partner}} essaie de te déconcentrer sans te faire arrêter ton activité.",2,3,2,3,male,120,true,[],[]
1267,v1_0482,v1,action,La secrétaire,"Mets une chemise, une jupe ou une tenue de bureau et viens remettre un 'dossier urgent' à {{partner}}. Reste dans le rôle pendant deux minutes.",2,3,1,3,female,120,true,[],[]
1268,v1_0483,v1,action,Le secrétaire,Habille-toi comme pour une réunion et présente-toi devant {{partner}} comme son nouveau secrétaire. Elle décide de ta première mission.,2,3,1,3,male,null,true,[],[]
1269,v1_0484,v1,action,French maid,"Enfile une tenue ou improvise un détail de French maid. Pendant trois minutes, {{partner}} peut te donner des tâches de service simples et provocantes.",2,3,1,3,female,180,true,[],[]
1270,v1_0485,v1,action,Service privé,"Pendant trois minutes, joue le majordome ou serveur personnel de {{partner}}. Tu dois exécuter ses demandes sans quitter le personnage.",2,3,1,3,male,180,true,[],[]
1271,v1_0486,v1,action,Demande la permission,"Pendant les trois prochaines cartes, demande explicitement la permission avant d'initier un nouveau contact avec {{partner}}.",2,3,1,3,male,null,true,[],"[{""title"":""Permission"",""active"":true,""rule_key"":""ask_permission"",""rule_text"":""Demande la permission avant d'initier un nouveau contact."",""target_mode"":""active"",""duration_turns"":3}]"
1272,v1_0487,v1,action,À genoux,Mets-toi à genoux devant {{partner}} pendant une minute et laisse-le ou la décider uniquement par la voix de ce que tu dois faire ensuite.,3,3,2,3,male,60,true,[],[]
1273,v1_0488,v1,action,Elle commande,"Pendant trois minutes, {{partner}} dirige entièrement le rythme, les positions et les pauses. {{active}} ne prend aucune initiative.",3,3,3,3,male,180,true,[],[]
1274,v1_0489,v1,action,Il commande,"Pendant trois minutes, {{partner}} dirige entièrement le rythme, les positions et les pauses. {{active}} ne prend aucune initiative.",3,3,3,3,female,180,true,[],[]
1275,v1_0490,v1,action,Le bandeau,"Bande les yeux de {{active}}. {{partner}} dispose de deux minutes pour alterner souffle, baisers, pression des mains et changements de position.",2,3,2,3,null,120,true,[],[]
1276,v1_0491,v1,action,Tout doux,"Pendant trois minutes, interdiction d'aller vite. Utilisez uniquement baisers longs, caresses lentes et pression du corps.",2,1,2,1,null,180,true,[],[]
1277,v1_0492,v1,action,Respire avec moi,"Allongez-vous l'un contre l'autre et synchronisez votre respiration pendant une minute, puis commencez à vous embrasser sans rompre ce rythme.",1,1,2,1,null,90,true,[],[]
1278,v1_0493,v1,action,Massage lent,"Masse le dos, les épaules puis les fesses de {{partner}} pendant trois minutes, en augmentant très progressivement la pression et l'intention.",2,1,3,1,null,180,true,[],[]
1279,v1_0494,v1,action,Massage explicite,Commence par un massage classique puis termine les deux dernières minutes par un massage sexuel avec lubrifiant.,3,2,3,2,null,240,true,[],[]
1280,v1_0495,v1,action,Bougie,"Utilise une bougie de massage sur le dos et les fesses de {{partner}}, puis alterne chaleur et pression des mains pendant deux minutes.",3,2,3,2,null,120,true,[],[]
1281,v1_0496,v1,action,Quickie cuisine,Vous avez trois minutes. Restez partiellement habillés et improvisez un quickie dans la cuisine avant la fin du chrono.,3,3,3,3,null,180,true,[],[]
1282,v1_0497,v1,action,Quickie douche,Vous avez trois minutes sous la douche. Aucun préambule interminable : allez directement à ce qui vous donne envie.,3,3,3,3,null,180,true,[],[]
1283,v1_0498,v1,action,Quickie habillé,"Pendant trois minutes, aucun de vous ne peut retirer complètement un vêtement. Ouvrez, relevez ou déplacez seulement ce qui gêne.",3,3,3,3,null,180,true,[],"[{""title"":""Habillés"",""active"":true,""rule_key"":""keep_clothes"",""rule_text"":""Aucun vêtement ne peut être retiré complètement."",""target_mode"":""both"",""duration_turns"":1}]"
1284,v1_0499,v1,action,La chemise reste,Garde ta chemise ou ton haut pendant les trois prochaines minutes. {{partner}} peut seulement l'ouvrir ou le déplacer.,2,2,2,2,male,180,true,[],[]
1285,v1_0500,v1,action,La robe reste,Garde ta robe ou ta jupe pendant les trois prochaines minutes. {{partner}} peut seulement la relever ou la déplacer.,2,2,2,2,female,180,true,[],[]
1286,v1_0501,v1,action,Shooting dirigé,{{partner}} choisit trois poses pour toi. Tu dois tenir chacune quinze secondes pendant qu'il ou elle cadre la scène comme un shooting privé.,2,2,1,3,male,90,true,[],[]
1287,v1_0502,v1,action,Modèle masculin,"Enlève uniquement ce que {{partner}} demande, une pièce à la fois, pendant qu'elle dirige un shooting photo privé.",3,3,1,3,male,180,true,[],[]
1288,v1_0503,v1,action,Modèle féminin,Laisse {{partner}} choisir trois poses et un détail de lingerie à mettre en valeur dans un shooting privé.,3,3,1,3,female,180,true,[],[]
1289,v1_0504,v1,action,La banquette arrière,"Dans une voiture garée et en sécurité, passez à l'arrière. Vous avez quatre minutes pour profiter de l'espace exigu sans sortir du véhicule.",3,3,2,3,null,240,true,[],[]
1290,v1_0505,v1,action,Une fois garés,"Pendant le trajet, {{partner}} choisit silencieusement ce qu'il ou elle voudra te faire dès que la voiture sera garée. Rien ne commence avant l'arrêt complet.",1,3,1,3,null,null,true,[],[]
1291,v1_0506,v1,action,Parking privé,"Garez-vous dans un endroit privé. Pendant deux minutes, {{partner}} garde le contrôle total de ce qui se passe dans la voiture.",3,3,3,3,male,120,true,[],[]
1292,v1_0507,v1,action,Retour de soirée,"Gardez vos vêtements de sortie. Dès que vous rentrez, embrassez-vous contre la première porte ou le premier mur disponible pendant une minute sans aller dans la chambre.",2,2,2,2,null,60,true,[],[]
1293,v1_0508,v1,action,Dernier verre fictif,Servez-vous une boisson sans obligation d'alcool. Jouez deux inconnus qui se rencontrent au bar et qui savent qu'ils repartiront ensemble.,2,3,1,3,null,180,true,[],[]
1294,v1_0509,v1,action,Le confessionnal,Placez-vous de part et d'autre d'une porte ou d'un rideau. {{active}} confesse une envie sexuelle précise ; {{partner}} décide d'une pénitence ludique d'une minute.,2,3,1,3,null,null,true,[],[]
1295,v1_0510,v1,action,Derrière la porte,"Utilisez une porte entrouverte ou un rideau pour cacher le visage de {{active}}. Pendant une minute, {{partner}} ne doit utiliser que le toucher pour reconnaître ce qui lui est présenté.",3,3,2,3,null,60,true,[],[]
1296,v1_0511,v1,action,Seulement la bouche,"Derrière une porte ou un drap, {{active}} ne laisse apparaître que sa bouche. {{partner}} doit provoquer une réaction sans voir le reste du corps.",3,3,2,3,null,90,true,[],[]
1297,v1_0512,v1,action,Fleshlight : elle décide,"{{active}}, donne la Fleshlight à {{partner}}. Pendant trois minutes, elle contrôle seule rythme, pression et pauses.",3,3,3,3,male,180,true,[],[]
1298,v1_0513,v1,action,Fleshlight yeux fermés,"Ferme les yeux pendant que {{partner}} utilise la Fleshlight sur toi pendant deux minutes. Tu peux parler, pas guider avec les mains.",3,3,3,3,male,120,true,[],[]
1299,v1_0514,v1,action,Fleshlight au bord,"Laisse {{partner}} utiliser la Fleshlight jusqu'à t'amener très près de l'orgasme, puis elle s'arrête pendant trente secondes avant de décider de reprendre ou non.",5,3,3,3,male,null,true,[],[]
1300,v1_0515,v1,action,Lush discret,Place le Lush 4 et laisse {{partner}} choisir trois variations d'intensité sur cinq minutes à la maison. Tu ne sais pas quand elles arriveront.,3,3,3,3,female,300,true,[],[]
1301,v1_0516,v1,action,Lush sous la robe,Garde le Lush 4 sous une robe ou une jupe pendant trois minutes pendant que {{partner}} contrôle les changements d'intensité.,3,3,3,3,female,180,true,[],[]
1302,v1_0517,v1,action,Lush niveau cinq,"{{partner}} contrôle le Lush 4 pendant cinq minutes avec des changements imprévisibles, pauses comprises. {{active}} ne touche pas au jouet.",5,3,3,3,female,300,true,[],[]
1303,v1_0518,v1,action,À distance,Quitte la pièce et envoie une photo suggestive ou un sexto précis. Attends une réponse avant de revenir.,2,3,1,3,null,null,true,[],[]
1304,v1_0519,v1,action,La photo suivante,"Envoie à {{partner}} une photo qui donne envie de voir la suivante, mais garde volontairement le détail principal hors cadre.",2,3,1,3,null,null,true,[],[]
1305,v1_0520,v1,action,Mords-moi,"Pendant deux minutes, alterne baisers et petites morsures sur les épaules, le cou ou les lèvres de {{partner}}.",3,2,2,2,null,120,true,[],[]
1306,v1_0521,v1,action,Griffe-moi,"Pendant deux minutes, utilise tes ongles sur le dos, les cuisses ou les fesses de {{partner}} avec une pression qui reste agréable.",3,2,2,2,null,120,true,[],[]
1307,v1_0522,v1,action,69 tranquille,Installez-vous en 69 pendant deux minutes sans objectif d'orgasme. Le but est uniquement de trouver un rythme commun.,2,2,3,1,null,120,true,[],[]
1308,v1_0523,v1,action,69 sous contrôle,Installez-vous en 69. {{active}} doit ralentir ou s'arrêter chaque fois que {{partner}} lui tape deux fois sur la cuisse.,4,3,3,3,null,180,true,[],[]
1309,v1_0524,v1,action,Anulingus progressif,Commence par les fesses et l'intérieur des cuisses de {{partner}}. Approche progressivement de l'anulingus sans sauter directement à la dernière étape.,4,3,3,2,null,180,true,[],[]
1310,v1_0525,v1,action,Interdit de lécher,"Pendant deux minutes, tu peux embrasser, mordiller et utiliser tes mains, mais ta langue est interdite.",2,3,2,3,null,120,true,[],[]
1311,v1_0526,v1,duel,Qui déconcentre qui ?,Chacun dispose de deux minutes pendant que l'autre joue à un jeu vidéo ou accomplit une tâche simple. Le joueur actif perd s'il abandonne sa tâche avant la fin.,2,3,2,3,null,null,true,[],[]
1312,v1_0527,v1,duel,Regard interdit,Asseyez-vous face à face. Le premier qui détourne les yeux pendant que l'autre le provoque perd le duel.,2,3,1,2,null,null,true,[],[]
1313,v1_0528,v1,duel,Le strip-tease duel,"À tour de rôle, chacun retire ou ajuste un seul vêtement au rythme de la musique. Le premier qui ne trouve plus de geste original perd.",2,2,1,3,null,null,true,[],[]
1314,v1_0529,v1,duel,Ordre contre ordre,Chacun donne à l'autre trois consignes courtes. Une consigne ne peut pas répéter la précédente. Le premier à hésiter dix secondes perd.,3,3,2,3,null,null,true,[],[]
1315,v1_0530,v1,duel,Confessions croisées,"Chacun formule trois aveux sexuels, dont un inventé. Trouvez le faux aveu de l'autre.",1,3,1,3,null,null,true,[],[]
1316,v1_0531,v1,duel,Photo contre photo,Chacun prépare une photo suggestive différente. Révélez-les simultanément et choisissez celle qui raconte le mieux une scène sans la montrer entièrement.,2,2,1,3,null,null,true,[],[]
1317,v1_0532,v1,duel,Femme contre homme,"Deux rounds d'une minute : d'abord elle dirige tout, puis lui. À la fin, chacun désigne le round qui lui a donné le plus envie de continuer.",3,3,2,3,null,null,true,[],[]
1318,v1_0533,v1,duel,Massage duel,Une minute chacun pour donner le massage le plus excitant possible sans toucher directement le sexe. Le gagnant choisit la suite.,2,2,2,2,null,null,true,[],[]
1319,v1_0534,v1,duel,Bouche interdite,"Pendant une minute chacun, provoquez l'autre sans utiliser votre bouche. Le premier qui enfreint la règle perd.",2,3,2,3,null,null,true,[],[]
1320,v1_0535,v1,duel,Lush vs Fleshlight,"Un joueur contrôle le Lush, l'autre reçoit la Fleshlight. Deux minutes chacun sous contrôle de l'autre, puis échangez vos impressions et désignez le round le plus difficile à tenir.",4,3,3,3,null,null,true,[],[]
1321,v1_0536,v1,scene,La secrétaire,La secrétaire,3,3,2,3,female,null,true,"[{""title"":""Le dossier urgent"",""prompt"":""{{active}} joue la secrétaire adulte. {{partner}} joue le patron et lui demande d'apporter un dossier dans son bureau."",""step_no"":1,""title_active"":null,""prompt_active"":null,""title_partner"":null,""prompt_partner"":null,""title_player_1"":null,""title_player_2"":null,""prompt_player_1"":null,""prompt_player_2"":null},{""title"":""Sous le bureau"",""prompt"":""Le patron doit poursuivre une conversation professionnelle fictive pendant que la secrétaire s'installe sous le bureau."",""step_no"":2,""title_active"":""Fais-le perdre le fil"",""prompt_active"":""Ton objectif est de déconcentrer {{partner}} sans lui faire interrompre la conversation."",""title_partner"":""Reste professionnel"",""prompt_partner"":""Continue à parler comme si rien d'inhabituel ne se passait."",""title_player_1"":null,""title_player_2"":null,""prompt_player_1"":null,""prompt_player_2"":null},{""title"":""La faute"",""prompt"":""À la première hésitation du patron, la secrétaire gagne un point et peut imposer une nouvelle règle de posture."",""step_no"":3,""title_active"":null,""prompt_active"":null,""title_partner"":null,""prompt_partner"":null,""title_player_1"":null,""title_player_2"":null,""prompt_player_1"":null,""prompt_player_2"":null},{""title"":""Changement de direction"",""prompt"":""PROTOCOL annonce que la secrétaire connaît désormais un secret compromettant. Elle reprend le contrôle de la scène."",""step_no"":4,""title_active"":null,""prompt_active"":null,""title_partner"":null,""prompt_partner"":null,""title_player_1"":null,""title_player_2"":null,""prompt_player_1"":null,""prompt_player_2"":null},{""title"":""Promotion"",""prompt"":""La nouvelle patronne décide comment se termine ce rendez-vous de bureau pendant deux minutes."",""step_no"":5,""title_active"":null,""prompt_active"":null,""title_partner"":null,""prompt_partner"":null,""title_player_1"":null,""title_player_2"":null,""prompt_player_1"":null,""prompt_player_2"":null}]",[]
1322,v1_0537,v1,scene,La patronne,La patronne,4,3,3,3,male,null,true,"[{""title"":""Entretien privé"",""prompt"":""{{active}} joue l'employé convoqué. {{partner}} joue sa patronne et lui demande de fermer la porte."",""step_no"":1,""title_active"":null,""prompt_active"":null,""title_partner"":null,""prompt_partner"":null,""title_player_1"":null,""title_player_2"":null,""prompt_player_1"":null,""prompt_player_2"":null},{""title"":""Évaluation"",""prompt"":""La patronne donne trois consignes précises sur posture, regard et réponses."",""step_no"":2,""title_active"":""Obéis"",""prompt_active"":""Tu dois suivre les trois consignes sans négocier."",""title_partner"":""Teste-le"",""prompt_partner"":""Change une consigne sans prévenir et vérifie s'il suit."",""title_player_1"":null,""title_player_2"":null,""prompt_player_1"":null,""prompt_player_2"":null},{""title"":""Sous contrôle"",""prompt"":""Pendant deux minutes, la patronne dirige les rapprochements et les pauses."",""step_no"":3,""title_active"":null,""prompt_active"":null,""title_partner"":null,""prompt_partner"":null,""title_player_1"":null,""title_player_2"":null,""prompt_player_1"":null,""prompt_player_2"":null},{""title"":""Le bonus"",""prompt"":""Elle peut choisir un accessoire ou un jouet disponible pour la suite."",""step_no"":4,""title_active"":null,""prompt_active"":null,""title_partner"":null,""prompt_partner"":null,""title_player_1"":null,""title_player_2"":null,""prompt_player_1"":null,""prompt_player_2"":null},{""title"":""Fin d'entretien"",""prompt"":""L'employé reçoit une dernière mission à accomplir avant de quitter le bureau fictif."",""step_no"":5,""title_active"":null,""prompt_active"":null,""title_partner"":null,""prompt_partner"":null,""title_player_1"":null,""title_player_2"":null,""prompt_player_1"":null,""prompt_player_2"":null}]",[]
1323,v1_0538,v1,scene,Ne lâche pas la manette,Ne lâche pas la manette,3,3,2,3,male,null,true,"[{""title"":""Nouvelle partie"",""prompt"":""{{active}} lance un jeu vidéo ou une tâche qui demande réellement son attention."",""step_no"":1,""title_active"":null,""prompt_active"":null,""title_partner"":null,""prompt_partner"":null,""title_player_1"":null,""title_player_2"":null,""prompt_player_1"":null,""prompt_player_2"":null},{""title"":""Mission privée"",""prompt"":""Pendant trois minutes, {{partner}} doit le déconcentrer sans toucher à la manette ni à l'écran."",""step_no"":2,""title_active"":""Reste concentré"",""prompt_active"":""Ne mets pas en pause et ne pose pas la manette."",""title_partner"":""Fais-le craquer"",""prompt_partner"":""Utilise proximité, regard, baisers et toucher pour lui faire perdre sa concentration."",""title_player_1"":null,""title_player_2"":null,""prompt_player_1"":null,""prompt_player_2"":null},{""title"":""Premier échec"",""prompt"":""À la première erreur visible, {{partner}} gagne le droit de donner une consigne supplémentaire."",""step_no"":3,""title_active"":null,""prompt_active"":null,""title_partner"":null,""prompt_partner"":null,""title_player_1"":null,""title_player_2"":null,""prompt_player_1"":null,""prompt_player_2"":null},{""title"":""Dernière minute"",""prompt"":""L'intensité du défi augmente pendant soixante secondes."",""step_no"":4,""title_active"":null,""prompt_active"":null,""title_partner"":null,""prompt_partner"":null,""title_player_1"":null,""title_player_2"":null,""prompt_player_1"":null,""prompt_player_2"":null},{""title"":""Game over"",""prompt"":""Si {{active}} a tenu jusqu'au bout, il choisit la suite. Sinon, {{partner}} choisit."",""step_no"":5,""title_active"":null,""prompt_active"":null,""title_partner"":null,""prompt_partner"":null,""title_player_1"":null,""title_player_2"":null,""prompt_player_1"":null,""prompt_player_2"":null}]",[]
1324,v1_0539,v1,scene,Le confessionnal,Le confessionnal,3,3,1,3,null,null,true,"[{""title"":""Séparation"",""prompt"":""Placez-vous de part et d'autre d'une porte entrouverte ou d'un rideau."",""step_no"":1,""title_active"":null,""prompt_active"":null,""title_partner"":null,""prompt_partner"":null,""title_player_1"":null,""title_player_2"":null,""prompt_player_1"":null,""prompt_player_2"":null},{""title"":""Premier aveu"",""prompt"":""{{active}} confesse une envie sexuelle précise sans voir la réaction de {{partner}}."",""step_no"":2,""title_active"":null,""prompt_active"":null,""title_partner"":null,""prompt_partner"":null,""title_player_1"":null,""title_player_2"":null,""prompt_player_1"":null,""prompt_player_2"":null},{""title"":""La pénitence"",""prompt"":""{{partner}} donne une pénitence ludique d'une minute liée à l'aveu."",""step_no"":3,""title_active"":null,""prompt_active"":null,""title_partner"":null,""prompt_partner"":null,""title_player_1"":null,""title_player_2"":null,""prompt_player_1"":null,""prompt_player_2"":null},{""title"":""Deuxième aveu"",""prompt"":""Inversez les rôles. Cette fois, l'aveu doit concerner quelque chose que vous pourriez réellement essayer ce soir."",""step_no"":4,""title_active"":null,""prompt_active"":null,""title_partner"":null,""prompt_partner"":null,""title_player_1"":null,""title_player_2"":null,""prompt_player_1"":null,""prompt_player_2"":null},{""title"":""Sortie du confessionnal"",""prompt"":""Retirez la séparation. Chacun choisit l'aveu de l'autre qu'il aimerait voir devenir réel."",""step_no"":5,""title_active"":null,""prompt_active"":null,""title_partner"":null,""prompt_partner"":null,""title_player_1"":null,""title_player_2"":null,""prompt_player_1"":null,""prompt_player_2"":null}]",[]
1325,v1_0540,v1,scene,Derrière la cloison,Derrière la cloison,4,3,3,3,null,null,true,"[{""title"":""Invisible"",""prompt"":""Utilisez une porte, un rideau ou un drap pour masquer les visages."",""step_no"":1,""title_active"":null,""prompt_active"":null,""title_partner"":null,""prompt_partner"":null,""title_player_1"":null,""title_player_2"":null,""prompt_player_1"":null,""prompt_player_2"":null},{""title"":""Seulement une partie"",""prompt"":""{{active}} laisse seulement une partie de son corps accessible ou visible."",""step_no"":2,""title_active"":null,""prompt_active"":null,""title_partner"":null,""prompt_partner"":null,""title_player_1"":null,""title_player_2"":null,""prompt_player_1"":null,""prompt_player_2"":null},{""title"":""Reconnais-moi"",""prompt"":""{{partner}} dispose de quatre-vingt-dix secondes pour explorer uniquement ce qui est accessible sans franchir la séparation."",""step_no"":3,""title_active"":null,""prompt_active"":null,""title_partner"":null,""prompt_partner"":null,""title_player_1"":null,""title_player_2"":null,""prompt_player_1"":null,""prompt_player_2"":null},{""title"":""Échange"",""prompt"":""Inversez les rôles avec une autre partie du corps."",""step_no"":4,""title_active"":null,""prompt_active"":null,""title_partner"":null,""prompt_partner"":null,""title_player_1"":null,""title_player_2"":null,""prompt_player_1"":null,""prompt_player_2"":null},{""title"":""La cloison tombe"",""prompt"":""Retirez la séparation et poursuivez pendant deux minutes sans les restrictions précédentes."",""step_no"":5,""title_active"":null,""prompt_active"":null,""title_partner"":null,""prompt_partner"":null,""title_player_1"":null,""title_player_2"":null,""prompt_player_1"":null,""prompt_player_2"":null}]",[]
1326,v1_0541,v1,scene,Banquette arrière,Banquette arrière,4,3,3,3,null,null,true,"[{""title"":""À l'arrêt"",""prompt"":""La voiture doit être complètement garée dans un endroit privé avant le début de la scène."",""step_no"":1,""title_active"":null,""prompt_active"":null,""title_partner"":null,""prompt_partner"":null,""title_player_1"":null,""title_player_2"":null,""prompt_player_1"":null,""prompt_player_2"":null},{""title"":""À l'arrière"",""prompt"":""Passez sur la banquette arrière et gardez vos vêtements de sortie."",""step_no"":2,""title_active"":null,""prompt_active"":null,""title_partner"":null,""prompt_partner"":null,""title_player_1"":null,""title_player_2"":null,""prompt_player_1"":null,""prompt_player_2"":null},{""title"":""Espace limité"",""prompt"":""Pendant deux minutes, aucun de vous ne peut sortir du véhicule ni retirer complètement un vêtement."",""step_no"":3,""title_active"":null,""prompt_active"":null,""title_partner"":null,""prompt_partner"":null,""title_player_1"":null,""title_player_2"":null,""prompt_player_1"":null,""prompt_player_2"":null},{""title"":""Qui commande ?"",""prompt"":""{{partner}} prend le contrôle pendant une minute, puis {{active}} pendant une minute."",""step_no"":4,""title_active"":null,""prompt_active"":null,""title_partner"":null,""prompt_partner"":null,""title_player_1"":null,""title_player_2"":null,""prompt_player_1"":null,""prompt_player_2"":null},{""title"":""Retour à la maison"",""prompt"":""Choisissez une seule chose commencée dans la voiture que vous continuerez une fois rentrés."",""step_no"":5,""title_active"":null,""prompt_active"":null,""title_partner"":null,""prompt_partner"":null,""title_player_1"":null,""title_player_2"":null,""prompt_player_1"":null,""prompt_player_2"":null}]",[]
1327,v1_0542,v1,scene,Quickie avant la réunion,Quickie avant la réunion,3,3,3,3,null,null,true,"[{""title"":""Trois minutes"",""prompt"":""Imaginez qu'une réunion fictive commence dans trois minutes. Le chrono démarre maintenant."",""step_no"":1,""title_active"":null,""prompt_active"":null,""title_partner"":null,""prompt_partner"":null,""title_player_1"":null,""title_player_2"":null,""prompt_player_1"":null,""prompt_player_2"":null},{""title"":""Habillés"",""prompt"":""Aucun vêtement ne peut être retiré complètement."",""step_no"":2,""title_active"":null,""prompt_active"":null,""title_partner"":null,""prompt_partner"":null,""title_player_1"":null,""title_player_2"":null,""prompt_player_1"":null,""prompt_player_2"":null},{""title"":""Pas le temps"",""prompt"":""Choisissez immédiatement une position ou un geste sexuel qui fonctionne avec cette contrainte."",""step_no"":3,""title_active"":null,""prompt_active"":null,""title_partner"":null,""prompt_partner"":null,""title_player_1"":null,""title_player_2"":null,""prompt_player_1"":null,""prompt_player_2"":null},{""title"":""Trente secondes"",""prompt"":""PROTOCOL annonce les trente dernières secondes. Le rythme doit changer."",""step_no"":4,""title_active"":null,""prompt_active"":null,""title_partner"":null,""prompt_partner"":null,""title_player_1"":null,""title_player_2"":null,""prompt_player_1"":null,""prompt_player_2"":null},{""title"":""Comme si de rien n'était"",""prompt"":""Remettez rapidement vos vêtements en ordre et reprenez une posture parfaitement sérieuse."",""step_no"":5,""title_active"":null,""prompt_active"":null,""title_partner"":null,""prompt_partner"":null,""title_player_1"":null,""title_player_2"":null,""prompt_player_1"":null,""prompt_player_2"":null}]",[]
1328,v1_0543,v1,scene,Le modèle masculin,Le modèle masculin,3,3,1,3,male,null,true,"[{""title"":""Studio privé"",""prompt"":""{{active}} devient le modèle. {{partner}} dirige le shooting."",""step_no"":1,""title_active"":null,""prompt_active"":null,""title_partner"":null,""prompt_partner"":null,""title_player_1"":null,""title_player_2"":null,""prompt_player_1"":null,""prompt_player_2"":null},{""title"":""Trois images"",""prompt"":""La photographe impose trois poses très différentes : habillé, partiellement déshabillé, puis provocant."",""step_no"":2,""title_active"":null,""prompt_active"":null,""title_partner"":null,""prompt_partner"":null,""title_player_1"":null,""title_player_2"":null,""prompt_player_1"":null,""prompt_player_2"":null},{""title"":""Instruction privée"",""prompt"":""{{partner}} choisit secrètement le détail qu'elle veut mettre en valeur sur la dernière pose."",""step_no"":3,""title_active"":null,""prompt_active"":null,""title_partner"":null,""prompt_partner"":null,""title_player_1"":null,""title_player_2"":null,""prompt_player_1"":null,""prompt_player_2"":null},{""title"":""Inverse les rôles"",""prompt"":""Le modèle devient directeur pendant une pose et peut imposer le cadrage de son choix."",""step_no"":4,""title_active"":null,""prompt_active"":null,""title_partner"":null,""prompt_partner"":null,""title_player_1"":null,""title_player_2"":null,""prompt_player_1"":null,""prompt_player_2"":null},{""title"":""La photo finale"",""prompt"":""Choisissez ensemble la pose finale. Une vraie photo reste facultative."",""step_no"":5,""title_active"":null,""prompt_active"":null,""title_partner"":null,""prompt_partner"":null,""title_player_1"":null,""title_player_2"":null,""prompt_player_1"":null,""prompt_player_2"":null}]",[]
1329,v1_0544,v1,scene,Retour de soirée,Retour de soirée,2,2,2,3,null,null,true,"[{""title"":""Encore habillés"",""prompt"":""Gardez vos vêtements de sortie et restez debout dans l'entrée ou le salon."",""step_no"":1,""title_active"":null,""prompt_active"":null,""title_partner"":null,""prompt_partner"":null,""title_player_1"":null,""title_player_2"":null,""prompt_player_1"":null,""prompt_player_2"":null},{""title"":""Le premier signe"",""prompt"":""Sans parler, chacun doit faire comprendre à l'autre qu'il n'a pas envie d'aller dormir."",""step_no"":2,""title_active"":null,""prompt_active"":null,""title_partner"":null,""prompt_partner"":null,""title_player_1"":null,""title_player_2"":null,""prompt_player_1"":null,""prompt_player_2"":null},{""title"":""Contre le mur"",""prompt"":""Le premier qui embrasse l'autre choisit où le rapprochement continue pendant une minute."",""step_no"":3,""title_active"":null,""prompt_active"":null,""title_partner"":null,""prompt_partner"":null,""title_player_1"":null,""title_player_2"":null,""prompt_player_1"":null,""prompt_player_2"":null},{""title"":""Le choix"",""prompt"":""Douche, canapé ou cuisine : PROTOCOL vous oblige à choisir un autre endroit que la chambre."",""step_no"":4,""title_active"":null,""prompt_active"":null,""title_partner"":null,""prompt_partner"":null,""title_player_1"":null,""title_player_2"":null,""prompt_player_1"":null,""prompt_player_2"":null},{""title"":""La suite"",""prompt"":""Continuez-y pendant deux minutes en gardant au moins un vêtement chacun."",""step_no"":5,""title_active"":null,""prompt_active"":null,""title_partner"":null,""prompt_partner"":null,""title_player_1"":null,""title_player_2"":null,""prompt_player_1"":null,""prompt_player_2"":null}]",[]
1330,v1_0545,v1,scene,French maid,French maid,3,3,2,3,female,null,true,"[{""title"":""Le service commence"",""prompt"":""{{active}} joue la French maid adulte et demande à {{partner}} quelle pièce doit être 'remise en ordre'."",""step_no"":1,""title_active"":null,""prompt_active"":null,""title_partner"":null,""prompt_partner"":null,""title_player_1"":null,""title_player_2"":null,""prompt_player_1"":null,""prompt_player_2"":null},{""title"":""Trois tâches"",""prompt"":""{{partner}} donne trois petites tâches mêlant service et provocation."",""step_no"":2,""title_active"":null,""prompt_active"":null,""title_partner"":null,""prompt_partner"":null,""title_player_1"":null,""title_player_2"":null,""prompt_player_1"":null,""prompt_player_2"":null},{""title"":""La faute volontaire"",""prompt"":""{{active}} doit volontairement rater la troisième tâche pour provoquer une réaction."",""step_no"":3,""title_active"":null,""prompt_active"":null,""title_partner"":null,""prompt_partner"":null,""title_player_1"":null,""title_player_2"":null,""prompt_player_1"":null,""prompt_player_2"":null},{""title"":""La sanction"",""prompt"":""{{partner}} choisit entre fessée, posture imposée ou interdiction temporaire de toucher."",""step_no"":4,""title_active"":null,""prompt_active"":null,""title_partner"":null,""prompt_partner"":null,""title_player_1"":null,""title_player_2"":null,""prompt_player_1"":null,""prompt_player_2"":null},{""title"":""Fin de service"",""prompt"":""La maid décide finalement si le client mérite un dernier service ou si elle reprend le contrôle."",""step_no"":5,""title_active"":null,""prompt_active"":null,""title_partner"":null,""prompt_partner"":null,""title_player_1"":null,""title_player_2"":null,""prompt_player_1"":null,""prompt_player_2"":null}]",[]
1331,v1_0546,v1,scene,"Silence, tu obéis","Silence, tu obéis",5,3,3,3,male,null,true,"[{""title"":""Le bandeau"",""prompt"":""{{active}} met un bandeau sur les yeux. {{partner}} prend le contrôle de la scène."",""step_no"":1,""title_active"":null,""prompt_active"":null,""title_partner"":null,""prompt_partner"":null,""title_player_1"":null,""title_player_2"":null,""prompt_player_1"":null,""prompt_player_2"":null},{""title"":""Une seule règle"",""prompt"":""{{active}} ne prend aucune initiative pendant trois minutes, sauf pour parler ou utiliser PASS."",""step_no"":2,""title_active"":null,""prompt_active"":null,""title_partner"":null,""prompt_partner"":null,""title_player_1"":null,""title_player_2"":null,""prompt_player_1"":null,""prompt_player_2"":null},{""title"":""Trois ordres"",""prompt"":""{{partner}} donne successivement trois consignes portant sur position, rythme et accessoire."",""step_no"":3,""title_active"":null,""prompt_active"":null,""title_partner"":null,""prompt_partner"":null,""title_player_1"":null,""title_player_2"":null,""prompt_player_1"":null,""prompt_player_2"":null},{""title"":""Au bord"",""prompt"":""La dernière consigne doit augmenter nettement l'intensité puis s'arrêter brusquement."",""step_no"":4,""title_active"":null,""prompt_active"":null,""title_partner"":null,""prompt_partner"":null,""title_player_1"":null,""title_player_2"":null,""prompt_player_1"":null,""prompt_player_2"":null},{""title"":""Retire le bandeau"",""prompt"":""{{active}} retrouve la vue et décide s'il veut rendre le contrôle ou le reprendre."",""step_no"":5,""title_active"":null,""prompt_active"":null,""title_partner"":null,""prompt_partner"":null,""title_player_1"":null,""title_player_2"":null,""prompt_player_1"":null,""prompt_player_2"":null}]",[]
1332,v1_0547,v1,scene,Voyeur au miroir,Voyeur au miroir,4,3,3,3,null,null,true,"[{""title"":""Le miroir"",""prompt"":""{{active}} se place devant un miroir pendant que {{partner}} reste quelques mètres derrière."",""step_no"":1,""title_active"":null,""prompt_active"":null,""title_partner"":null,""prompt_partner"":null,""title_player_1"":null,""title_player_2"":null,""prompt_player_1"":null,""prompt_player_2"":null},{""title"":""Tu ne le vois pas"",""prompt"":""{{active}} doit se concentrer sur son propre reflet pendant que {{partner}} observe sans toucher."",""step_no"":2,""title_active"":null,""prompt_active"":null,""title_partner"":null,""prompt_partner"":null,""title_player_1"":null,""title_player_2"":null,""prompt_player_1"":null,""prompt_player_2"":null},{""title"":""Approche"",""prompt"":""{{partner}} avance progressivement et donne une première consigne depuis l'arrière."",""step_no"":3,""title_active"":null,""prompt_active"":null,""title_partner"":null,""prompt_partner"":null,""title_player_1"":null,""title_player_2"":null,""prompt_player_1"":null,""prompt_player_2"":null},{""title"":""Toujours dans le miroir"",""prompt"":""Le contact commence mais {{active}} doit continuer à regarder principalement le reflet."",""step_no"":4,""title_active"":null,""prompt_active"":null,""title_partner"":null,""prompt_partner"":null,""title_player_1"":null,""title_player_2"":null,""prompt_player_1"":null,""prompt_player_2"":null},{""title"":""Plus de spectateur"",""prompt"":""Le voyeur rejoint complètement la scène pendant deux minutes."",""step_no"":5,""title_active"":null,""prompt_active"":null,""title_partner"":null,""prompt_partner"":null,""title_player_1"":null,""title_player_2"":null,""prompt_player_1"":null,""prompt_player_2"":null}]",[]
1333,v1_0548,v1,scene,La soumission inversée,La soumission inversée,5,3,3,3,null,null,true,"[{""title"":""Premier maître"",""prompt"":""{{partner}} prend le contrôle total pendant deux minutes."",""step_no"":1,""title_active"":null,""prompt_active"":null,""title_partner"":null,""prompt_partner"":null,""title_player_1"":null,""title_player_2"":null,""prompt_player_1"":null,""prompt_player_2"":null},{""title"":""Règles privées"",""prompt"":""{{active}} doit obéir à trois consignes simples sans anticiper la suivante."",""step_no"":2,""title_active"":null,""prompt_active"":null,""title_partner"":null,""prompt_partner"":null,""title_player_1"":null,""title_player_2"":null,""prompt_player_1"":null,""prompt_player_2"":null},{""title"":""Renversement"",""prompt"":""PROTOCOL impose soudain l'échange complet des rôles."",""step_no"":3,""title_active"":null,""prompt_active"":null,""title_partner"":null,""prompt_partner"":null,""title_player_1"":null,""title_player_2"":null,""prompt_player_1"":null,""prompt_player_2"":null},{""title"":""Même règles"",""prompt"":""Le nouveau dominant peut reprendre une des règles précédentes contre celui qui l'avait imposée."",""step_no"":4,""title_active"":null,""prompt_active"":null,""title_partner"":null,""prompt_partner"":null,""title_player_1"":null,""title_player_2"":null,""prompt_player_1"":null,""prompt_player_2"":null},{""title"":""Qui garde le contrôle ?"",""prompt"":""Décidez par un duel de regard de trente secondes qui dirige les deux dernières minutes."",""step_no"":5,""title_active"":null,""prompt_active"":null,""title_partner"":null,""prompt_partner"":null,""title_player_1"":null,""title_player_2"":null,""prompt_player_1"":null,""prompt_player_2"":null}]",[]
1334,v1_0549,v1,scene,Le bureau après fermeture,Le bureau après fermeture,4,3,3,3,male,null,true,"[{""title"":""Seuls au bureau"",""prompt"":""{{active}} joue l'employé resté tard. {{partner}} joue sa supérieure qui revient chercher un dossier."",""step_no"":1,""title_active"":null,""prompt_active"":null,""title_partner"":null,""prompt_partner"":null,""title_player_1"":null,""title_player_2"":null,""prompt_player_1"":null,""prompt_player_2"":null},{""title"":""Sous le bureau"",""prompt"":""Elle lui ordonne de rester assis pendant qu'elle disparaît sous le bureau pendant une minute."",""step_no"":2,""title_active"":null,""prompt_active"":null,""title_partner"":null,""prompt_partner"":null,""title_player_1"":null,""title_player_2"":null,""prompt_player_1"":null,""prompt_player_2"":null},{""title"":""Téléphone fictif"",""prompt"":""{{active}} doit tenir une conversation professionnelle imaginaire sans perdre le fil."",""step_no"":3,""title_active"":null,""prompt_active"":null,""title_partner"":null,""prompt_partner"":null,""title_player_1"":null,""title_player_2"":null,""prompt_player_1"":null,""prompt_player_2"":null},{""title"":""Appel terminé"",""prompt"":""Dès l'appel fictif terminé, la supérieure décide si elle garde ou inverse la position de pouvoir."",""step_no"":4,""title_active"":null,""prompt_active"":null,""title_partner"":null,""prompt_partner"":null,""title_player_1"":null,""title_player_2"":null,""prompt_player_1"":null,""prompt_player_2"":null},{""title"":""Dernier dossier"",""prompt"":""La scène se termine par un quickie ou un jeu de contrôle de deux minutes choisi par elle."",""step_no"":5,""title_active"":null,""prompt_active"":null,""title_partner"":null,""prompt_partner"":null,""title_player_1"":null,""title_player_2"":null,""prompt_player_1"":null,""prompt_player_2"":null}]",[]
1335,v1_0550,v1,scene,La finale douce,La finale douce,2,1,3,2,null,null,true,"[{""title"":""Ralentissez"",""prompt"":""Allongez-vous l'un contre l'autre et ralentissez volontairement tout pendant une minute."",""step_no"":1,""title_active"":null,""prompt_active"":null,""title_partner"":null,""prompt_partner"":null,""title_player_1"":null,""title_player_2"":null,""prompt_player_1"":null,""prompt_player_2"":null},{""title"":""Ce que j'aime"",""prompt"":""Chacun dit une chose précise qu'il adore dans la façon dont l'autre le touche."",""step_no"":2,""title_active"":null,""prompt_active"":null,""title_partner"":null,""prompt_partner"":null,""title_player_1"":null,""title_player_2"":null,""prompt_player_1"":null,""prompt_player_2"":null},{""title"":""Montre-moi"",""prompt"":""Reproduisez l'un après l'autre ce geste pendant une minute."",""step_no"":3,""title_active"":null,""prompt_active"":null,""title_partner"":null,""prompt_partner"":null,""title_player_1"":null,""title_player_2"":null,""prompt_player_1"":null,""prompt_player_2"":null},{""title"":""Sans objectif"",""prompt"":""Pendant deux minutes, interdiction de chercher l'orgasme : seulement baisers, peau, souffle et caresses."",""step_no"":4,""title_active"":null,""prompt_active"":null,""title_partner"":null,""prompt_partner"":null,""title_player_1"":null,""title_player_2"":null,""prompt_player_1"":null,""prompt_player_2"":null},{""title"":""À vous"",""prompt"":""PROTOCOL s'arrête de diriger. Continuez exactement là où vous en avez envie."",""step_no"":5,""title_active"":null,""prompt_active"":null,""title_partner"":null,""prompt_partner"":null,""title_player_1"":null,""title_player_2"":null,""prompt_player_1"":null,""prompt_player_2"":null}]",[]
1336,v1_0551,v1,truth,La salive,"Dans un jeu intime, qu'est-ce qui t'attire ou te freine dans l'idée de jouer volontairement avec la salive ?",1,2,1,3,null,null,true,[],[]
1337,v1_0552,v1,action,La même gorgée,"Prenez chacun une petite gorgée de la même boisson. {{active}}, rapproche-toi ensuite de {{partner}} et transforme volontairement ce simple geste en un baiser lent.",2,2,2,2,null,45,true,[],[]
1338,v1_0553,v1,action,Le baiser humide,"Pendant une minute, {{active}} mène un baiser volontairement plus humide que d'habitude. {{partner}} peut ralentir, intensifier ou arrêter le jeu d'un simple geste.",3,3,3,2,null,60,true,[],[]
1339,v1_0554,v1,action,La trace,"Si vous êtes tous les deux d'accord avec ce jeu, {{active}} dépose volontairement un peu de salive sur une zone de peau choisie par {{partner}}, puis utilise ses lèvres ou ses doigts pour prolonger la sensation.",4,3,3,3,null,60,true,[],[]
1340,v1_0555,v1,scene,Crachat : sous contrôle,Une scène autour d'un geste volontairement provocant. Elle ne commence que si vous confirmez tous les deux être à l'aise avec le thème.,5,3,3,3,null,null,true,"[{""title"":""La limite"",""prompt"":""Choisissez clairement les zones autorisées et interdites. Le visage reste exclu sauf accord explicite des deux joueurs."",""step_no"":1,""title_active"":null,""prompt_active"":null,""title_partner"":null,""prompt_partner"":null,""title_player_1"":null,""title_player_2"":null,""prompt_player_1"":null,""prompt_player_2"":null},{""title"":""Premier signal"",""prompt"":""{{partner}} désigne une zone de peau autorisée. {{active}} s'approche mais attend un oui explicite avant de continuer."",""step_no"":2,""title_active"":null,""prompt_active"":null,""title_partner"":null,""prompt_partner"":null,""title_player_1"":null,""title_player_2"":null,""prompt_player_1"":null,""prompt_player_2"":null},{""title"":""Le geste"",""prompt"":""{{active}} réalise une seule fois le geste convenu sur la zone choisie."",""step_no"":3,""title_active"":null,""prompt_active"":null,""title_partner"":null,""prompt_partner"":null,""title_player_1"":null,""title_player_2"":null,""prompt_player_1"":null,""prompt_player_2"":null},{""title"":""À qui le contrôle ?"",""prompt"":""{{partner}} décide immédiatement si le jeu s'arrête là, se répète ou se transforme en un baiser."",""step_no"":4,""title_active"":null,""prompt_active"":null,""title_partner"":null,""prompt_partner"":null,""title_player_1"":null,""title_player_2"":null,""prompt_player_1"":null,""prompt_player_2"":null}]",[]
1341,v1_0556,v1,truth,Le faux sommeil,"Dans un scénario préparé à l'avance, préférerais-tu jouer la personne endormie ou celle qui provoque le réveil ?",1,3,1,3,null,null,true,[],[]
1342,v1_0557,v1,action,Encore cinq minutes,"{{active}}, allonge-toi et ferme les yeux comme si tu dormais. Pendant une minute, {{partner}} essaie de provoquer ton faux réveil uniquement avec des baisers et des caresses légères.",2,3,2,3,null,60,true,[],[]
1343,v1_0558,v1,action,Ne te réveille pas encore,{{active}} joue la personne endormie pendant deux minutes. {{partner}} fait progressivement évoluer ses caresses jusqu'à ce que {{active}} décide lui-même du moment où il se 'réveille'.,3,3,3,3,null,120,true,[],[]
1344,v1_0559,v1,scene,Le réveil programmé,Vous jouez un réveil intime entièrement simulé et convenu à l'avance.,4,3,3,3,null,null,true,"[{""title"":""Contrat de jeu"",""prompt"":""Avant de commencer, celui qui joue la personne endormie définit ce qui est autorisé pendant la simulation et ce qui ne l'est pas."",""step_no"":1,""title_active"":null,""prompt_active"":null,""title_partner"":null,""prompt_partner"":null,""title_player_1"":null,""title_player_2"":null,""prompt_player_1"":null,""prompt_player_2"":null},{""title"":""Endormi"",""prompt"":""{{active}} ferme les yeux et reste immobile. {{partner}} commence uniquement par des contacts légers."",""step_no"":2,""title_active"":null,""prompt_active"":null,""title_partner"":null,""prompt_partner"":null,""title_player_1"":null,""title_player_2"":null,""prompt_player_1"":null,""prompt_player_2"":null},{""title"":""Le réveil"",""prompt"":""{{active}} choisit librement le moment où il ouvre les yeux et reprend un rôle actif."",""step_no"":3,""title_active"":null,""prompt_active"":null,""title_partner"":null,""prompt_partner"":null,""title_player_1"":null,""title_player_2"":null,""prompt_player_1"":null,""prompt_player_2"":null},{""title"":""Maintenant éveillé"",""prompt"":""Pendant deux minutes supplémentaires, celui qui vient de se 'réveiller' décide du rythme et de la suite."",""step_no"":4,""title_active"":null,""prompt_active"":null,""title_partner"":null,""prompt_partner"":null,""title_player_1"":null,""title_player_2"":null,""prompt_player_1"":null,""prompt_player_2"":null}]",[]
1345,v1_0560,v1,truth,Le massage idéal,"Pour qu'un massage devienne vraiment excitant, qu'est-ce qui compte le plus pour toi : la lenteur, la pression, l'huile, la chaleur ou l'endroit où il est donné ?",1,2,1,2,null,null,true,[],[]
1346,v1_0561,v1,action,Le massage qui ralentit tout,"{{partner}} s'allonge sur le ventre. {{active}} lui masse lentement le dos, les épaules et les jambes pendant deux minutes sans chercher à accélérer les choses.",2,2,3,1,null,120,true,[],[]
1347,v1_0562,v1,action,L'huile,"Utilise une petite quantité d'huile de massage adaptée à la peau. Pendant deux minutes, fais progressivement glisser le massage du dos vers les hanches et le haut des cuisses de {{partner}}.",3,3,3,2,null,120,true,[],[]
1348,v1_0563,v1,action,La cire tiède,"Avec une bougie conçue spécifiquement pour le massage, alterne quelques gouttes tièdes et la pression de tes mains sur le dos et les jambes de {{partner}}.",4,2,3,3,null,120,true,[],[]
1349,v1_0564,v1,scene,Le massage sensoriel,"Une scène complète où le toucher change progressivement de texture, de température et de rythme.",5,3,3,3,null,null,true,"[{""title"":""À sec"",""prompt"":""Commencez par une minute de massage lent des épaules et du dos, uniquement avec les mains."",""step_no"":1,""title_active"":null,""prompt_active"":null,""title_partner"":null,""prompt_partner"":null,""title_player_1"":null,""title_player_2"":null,""prompt_player_1"":null,""prompt_player_2"":null},{""title"":""L'huile"",""prompt"":""Ajoutez une huile adaptée à la peau et descendez progressivement vers les hanches et les cuisses."",""step_no"":2,""title_active"":null,""prompt_active"":null,""title_partner"":null,""prompt_partner"":null,""title_player_1"":null,""title_player_2"":null,""prompt_player_1"":null,""prompt_player_2"":null},{""title"":""La chaleur"",""prompt"":""Ajoutez la chaleur d'une bougie de massage utilisée conformément à sa notice, uniquement sur les zones de peau appropriées."",""step_no"":3,""title_active"":null,""prompt_active"":null,""title_partner"":null,""prompt_partner"":null,""title_player_1"":null,""title_player_2"":null,""prompt_player_1"":null,""prompt_player_2"":null},{""title"":""Plus de massage"",""prompt"":""Pendant les deux dernières minutes, celui qui reçoit le massage choisit explicitement comment le jeu doit évoluer."",""step_no"":4,""title_active"":null,""prompt_active"":null,""title_partner"":null,""prompt_partner"":null,""title_player_1"":null,""title_player_2"":null,""prompt_player_1"":null,""prompt_player_2"":null}]",[]
1350,v1_0565,v1,truth,Les pieds,"Les pieds peuvent-ils avoir une place érotique pour toi : massage, observation, contact, baisers ou pas du tout ?",1,2,1,3,null,null,true,[],[]
1351,v1_0566,v1,action,À ses pieds,Assieds-toi face à {{partner}} et masse lentement ses pieds pendant deux minutes. Laisse {{partner}} choisir la pression et le rythme.,2,2,3,2,null,120,true,[],[]
1352,v1_0567,v1,action,Plus qu'un massage,"Commence par masser les pieds de {{partner}}, puis demande-lui s'il souhaite transformer le geste en quelque chose de plus érotique : baisers, contact contre ton corps ou simplement continuer le massage.",3,3,3,3,null,120,true,[],[]
1353,v1_0568,v1,truth,Chaud ou froid,Quelle sensation t'attire davantage dans un jeu sensoriel : le froid très bref d'un glaçon ou une chaleur douce et progressive ?,1,2,1,2,null,null,true,[],[]
1354,v1_0569,v1,action,La trace du glaçon,"Fais lentement glisser un glaçon sur plusieurs zones érogènes choisies avec {{partner}}, en évitant les muqueuses et toute zone inconfortable. Alterne ensuite avec la chaleur de ta main ou de tes lèvres.",3,3,3,3,null,90,true,[],[]
1355,v1_0570,v1,scene,"Chaud, froid, encore",Une scène entièrement construite autour du contraste des températures et de l'anticipation.,5,3,3,3,null,null,true,"[{""title"":""Les yeux fermés"",""prompt"":""{{partner}} ferme les yeux. {{active}} commence par toucher trois zones différentes uniquement avec ses mains chaudes."",""step_no"":1,""title_active"":null,""prompt_active"":null,""title_partner"":null,""prompt_partner"":null,""title_player_1"":null,""title_player_2"":null,""prompt_player_1"":null,""prompt_player_2"":null},{""title"":""Le froid"",""prompt"":""Utilise brièvement un glaçon sur les zones de peau que vous avez validées."",""step_no"":2,""title_active"":null,""prompt_active"":null,""title_partner"":null,""prompt_partner"":null,""title_player_1"":null,""title_player_2"":null,""prompt_player_1"":null,""prompt_player_2"":null},{""title"":""Sans prévenir"",""prompt"":""Alterne pendant une minute entre froid et chaleur sans annoncer laquelle arrive ensuite."",""step_no"":3,""title_active"":null,""prompt_active"":null,""title_partner"":null,""prompt_partner"":null,""title_player_1"":null,""title_player_2"":null,""prompt_player_1"":null,""prompt_player_2"":null},{""title"":""Ton choix"",""prompt"":""{{partner}} choisit la température qu'il préfère. Pendant deux minutes, elle devient la sensation dominante de la scène."",""step_no"":4,""title_active"":null,""prompt_active"":null,""title_partner"":null,""prompt_partner"":null,""title_player_1"":null,""title_player_2"":null,""prompt_player_1"":null,""prompt_player_2"":null}]",[]
1356,v1_0571,v1,action,Cinéma privé,"Lancez un film ou une série que vous voulez réellement regarder. Si vous utilisez un accessoire connecté, démarrez-le à faible intensité pendant deux minutes et continuez simplement le film.",2,3,2,3,null,120,true,[],[]
1357,v1_0572,v1,action,La télécommande du film,"Pendant les cinq prochaines minutes de votre film, {{partner}} contrôle seul l'accessoire Lovense. Aucun changement n'est annoncé à l'avance.",3,3,3,3,null,300,true,[],[]
1358,v1_0573,v1,scene,La séance privée,Votre salon devient un cinéma privé où le film continue pendant que PROTOCOL ajoute une seconde histoire.,4,3,3,3,null,null,true,"[{""title"":""Installez-vous"",""prompt"":""Choisissez quelque chose à regarder et installez-vous comme pour une vraie séance cinéma."",""step_no"":1,""title_active"":null,""prompt_active"":null,""title_partner"":null,""prompt_partner"":null,""title_player_1"":null,""title_player_2"":null,""prompt_player_1"":null,""prompt_player_2"":null},{""title"":""Télécommande"",""prompt"":""{{active}} confie la commande Lovense à {{partner}} pendant cinq minutes."",""step_no"":2,""title_active"":null,""prompt_active"":null,""title_partner"":null,""prompt_partner"":null,""title_player_1"":null,""title_player_2"":null,""prompt_player_1"":null,""prompt_player_2"":null},{""title"":""Regarde l'écran"",""prompt"":""Pendant deux minutes, celui qui reçoit la stimulation doit continuer à regarder l'écran et ne donne ses indications qu'avec la main."",""step_no"":3,""title_active"":null,""prompt_active"":null,""title_partner"":null,""prompt_partner"":null,""title_player_1"":null,""title_player_2"":null,""prompt_player_1"":null,""prompt_player_2"":null},{""title"":""Pause"",""prompt"":""Mettez le film en pause. Celui qui avait la télécommande décide comment utiliser les deux prochaines minutes avant de relancer la séance."",""step_no"":4,""title_active"":null,""prompt_active"":null,""title_partner"":null,""prompt_partner"":null,""title_player_1"":null,""title_player_2"":null,""prompt_player_1"":null,""prompt_player_2"":null}]",[]
1359,v1_0574,v1,truth,Une scène à emprunter,"Dans une vidéo pour adultes, quel élément pourrait réellement t'inspirer sans forcément vouloir reproduire toute la scène : l'ambiance, le rythme, le rôle, la position ou autre chose ?",1,3,1,3,null,null,true,[],[]
1360,v1_0575,v1,action,Une seule inspiration,"Choisissez ensemble une courte vidéo pour adultes. Regardez-en seulement assez pour identifier un élément qui vous plaît à tous les deux, puis arrêtez la vidéo et réinterprétez uniquement cet élément à votre façon.",3,3,2,3,null,null,true,[],[]
1361,v1_0576,v1,action,Le strip-tease lent,"Choisis une musique. {{active}}, retire ou ajuste un vêtement à la fois pendant deux minutes sans laisser {{partner}} t'aider.",2,3,1,2,null,120,true,[],[]
1362,v1_0577,v1,scene,Strip-tease sur commande,Celui qui regarde dirige la scène sans avoir le droit de toucher immédiatement.,4,3,2,3,null,null,true,"[{""title"":""La musique"",""prompt"":""Choisissez une chanson. {{active}} reste debout face à {{partner}}."",""step_no"":1,""title_active"":null,""prompt_active"":null,""title_partner"":null,""prompt_partner"":null,""title_player_1"":null,""title_player_2"":null,""prompt_player_1"":null,""prompt_player_2"":null},{""title"":""Un vêtement"",""prompt"":""{{partner}} choisit quel vêtement {{active}} doit retirer en premier."",""step_no"":2,""title_active"":null,""prompt_active"":null,""title_partner"":null,""prompt_partner"":null,""title_player_1"":null,""title_player_2"":null,""prompt_player_1"":null,""prompt_player_2"":null},{""title"":""Plus lentement"",""prompt"":""Le vêtement suivant doit prendre au moins trente secondes à enlever."",""step_no"":3,""title_active"":null,""prompt_active"":null,""title_partner"":null,""prompt_partner"":null,""title_player_1"":null,""title_player_2"":null,""prompt_player_1"":null,""prompt_player_2"":null},{""title"":""Tu peux toucher"",""prompt"":""Quand la musique se termine, {{active}} décide enfin où {{partner}} peut poser ses mains."",""step_no"":4,""title_active"":null,""prompt_active"":null,""title_partner"":null,""prompt_partner"":null,""title_player_1"":null,""title_player_2"":null,""prompt_player_1"":null,""prompt_player_2"":null}]",[]
1363,v1_0578,v1,action,Son odeur,"Choisis une zone de peau de {{partner}} dont tu aimes particulièrement l'odeur naturelle. Pendant trente secondes, concentre-toi uniquement sur cette sensation avant de l'embrasser.",3,2,3,2,null,30,true,[],[]
1364,v1_0579,v1,action,Le goût de sa peau,"{{partner}} choisit deux zones de peau. {{active}} explore chacune avec les lèvres puis dit laquelle il préfère, uniquement à partir de son odeur et de son goût naturel.",4,3,3,3,null,90,true,[],[]
1365,v1_0580,v1,action,La cravate,"Gardez une tenue volontairement habillée. Retire la cravate et utilise-la, au choix de {{partner}}, comme bandeau ou comme lien très lâche autour des poignets. Jamais autour du cou et jamais au point de gêner la circulation.",4,3,2,3,null,120,true,[],[]
1366,v1_0581,v1,truth,Sous la jupe,"Dans un jeu entièrement consenti entre vous, qu'est-ce qui t'attire le plus dans l'idée d'un regard furtif sous une jupe : l'interdit, l'angle, le vêtement ou le fait d'être observé ?",1,2,1,3,null,null,true,[],[]
1367,v1_0582,v1,action,L'angle interdit,"{{partner}} porte ou improvise une tenue avec une jupe ou un tissu couvrant. En privé, {{active}} choisit un angle depuis lequel regarder sans toucher pendant trente secondes. {{partner}} décide ensuite s'il rapproche, éloigne ou ferme complètement la vue.",2,3,1,3,null,30,true,[],[]
1368,v1_0583,v1,scene,Le regard sous la jupe,"Un jeu de voyeurisme consensuel entièrement privé, construit autour de ce qui est montré, caché puis révélé.",4,3,2,3,null,null,true,"[{""title"":""La tenue"",""prompt"":""{{partner}} choisit la tenue et précise ce qu'il accepte de laisser entrevoir pendant la scène."",""step_no"":1,""title_active"":null,""prompt_active"":null,""title_partner"":null,""prompt_partner"":null,""title_player_1"":null,""title_player_2"":null,""prompt_player_1"":null,""prompt_player_2"":null},{""title"":""Pas encore"",""prompt"":""{{active}} reste à distance pendant que {{partner}} s'assied ou se place de manière à contrôler totalement l'angle de vue."",""step_no"":2,""title_active"":null,""prompt_active"":null,""title_partner"":null,""prompt_partner"":null,""title_player_1"":null,""title_player_2"":null,""prompt_player_1"":null,""prompt_player_2"":null},{""title"":""Une seconde de plus"",""prompt"":""{{partner}} décide quand offrir un regard plus franc, puis le referme ou le prolonge selon son envie."",""step_no"":3,""title_active"":null,""prompt_active"":null,""title_partner"":null,""prompt_partner"":null,""title_player_1"":null,""title_player_2"":null,""prompt_player_1"":null,""prompt_player_2"":null},{""title"":""Le contrôle change"",""prompt"":""Pour terminer, {{active}} peut demander une position ou un angle différent. {{partner}} accepte, modifie ou refuse librement."",""step_no"":4,""title_active"":null,""prompt_active"":null,""title_partner"":null,""prompt_partner"":null,""title_player_1"":null,""title_player_2"":null,""prompt_player_1"":null,""prompt_player_2"":null}]",[]
1369,v1_0584,v1,truth,Les retrouvailles,"Après plusieurs jours sans vous voir, qu'est-ce qui te ferait le plus d'effet : un long baiser, être plaqué contre toi, prendre le temps de parler ou faire durer volontairement l'attente ?",1,2,1,2,null,null,true,[],[]
1370,v1_0585,v1,action,Comme si ça faisait une semaine,"Faites comme si vous ne vous étiez pas vus depuis une semaine. Pendant une minute, retrouvez-vous sans parler : regard, proximité, baisers ou étreinte, mais laissez volontairement monter l'envie avant d'aller plus loin.",2,3,2,2,null,60,true,[],[]
1371,v1_0586,v1,scene,Enfin de retour,"Vous jouez des retrouvailles après une longue absence, avec une montée progressive plutôt qu'un démarrage immédiat.",4,3,3,2,null,null,true,"[{""title"":""La porte"",""prompt"":""Placez-vous comme si l'un de vous venait juste de rentrer après plusieurs jours d'absence. Prenez dix secondes avant le premier contact."",""step_no"":1,""title_active"":null,""prompt_active"":null,""title_partner"":null,""prompt_partner"":null,""title_player_1"":null,""title_player_2"":null,""prompt_player_1"":null,""prompt_player_2"":null},{""title"":""Retrouvailles"",""prompt"":""Embrassez-vous ou serrez-vous l'un contre l'autre pendant une minute sans accélérer davantage."",""step_no"":2,""title_active"":null,""prompt_active"":null,""title_partner"":null,""prompt_partner"":null,""title_player_1"":null,""title_player_2"":null,""prompt_player_1"":null,""prompt_player_2"":null},{""title"":""Tout ce qui a manqué"",""prompt"":""Chacun nomme une chose physique qui lui a le plus manqué chez l'autre, puis l'autre choisit comment y répondre."",""step_no"":3,""title_active"":null,""prompt_active"":null,""title_partner"":null,""prompt_partner"":null,""title_player_1"":null,""title_player_2"":null,""prompt_player_1"":null,""prompt_player_2"":null},{""title"":""Plus besoin d'attendre"",""prompt"":""Pendant deux minutes, celui qui était censé être parti prend l'initiative et donne le rythme de la suite."",""step_no"":4,""title_active"":null,""prompt_active"":null,""title_partner"":null,""prompt_partner"":null,""title_player_1"":null,""title_player_2"":null,""prompt_player_1"":null,""prompt_player_2"":null}]",[]
1372,v1_0587,v1,truth,Être presque vu,"Dans le fantasme d'être aperçu, qu'est-ce qui compte vraiment pour toi : le risque imaginaire, le fait d'être observé par {{partner}}, la tenue, le lieu ou simplement l'adrénaline ?",1,3,1,3,null,null,true,[],[]
1373,v1_0588,v1,action,Comme si quelqu'un pouvait entrer,"En restant dans un espace privé, jouez pendant deux minutes comme si quelqu'un pouvait arriver à tout moment. Rien ne change réellement autour de vous : c'est uniquement l'imaginaire du risque qui doit faire monter la tension.",3,3,2,3,null,120,true,[],[]
1374,v1_0589,v1,scene,Presque surpris,"Une scène d'exhibitionnisme simulé, jouée entièrement en privé sans impliquer de tiers non consentant.",4,3,3,3,null,null,true,"[{""title"":""Le décor"",""prompt"":""Choisissez un endroit privé qui peut faire croire à un lieu plus exposé : près d'une fenêtre fermée, derrière un rideau ou dans une pièce éclairée."",""step_no"":1,""title_active"":null,""prompt_active"":null,""title_partner"":null,""prompt_partner"":null,""title_player_1"":null,""title_player_2"":null,""prompt_player_1"":null,""prompt_player_2"":null},{""title"":""Le risque imaginaire"",""prompt"":""{{active}} décrit à voix basse ce qui pourrait arriver si quelqu'un approchait, tandis que {{partner}} décide ce qui peut être montré ou non."",""step_no"":2,""title_active"":null,""prompt_active"":null,""title_partner"":null,""prompt_partner"":null,""title_player_1"":null,""title_player_2"":null,""prompt_player_1"":null,""prompt_player_2"":null},{""title"":""Continue malgré tout"",""prompt"":""Pendant une minute, gardez cette fiction du risque sans réellement vous exposer à des tiers."",""step_no"":3,""title_active"":null,""prompt_active"":null,""title_partner"":null,""prompt_partner"":null,""title_player_1"":null,""title_player_2"":null,""prompt_player_1"":null,""prompt_player_2"":null},{""title"":""Pris sur le fait"",""prompt"":""Au signal de {{partner}}, arrêtez-vous net comme si vous veniez d'être surpris, puis reprenez seulement lorsqu'il le décide."",""step_no"":4,""title_active"":null,""prompt_active"":null,""title_partner"":null,""prompt_partner"":null,""title_player_1"":null,""title_player_2"":null,""prompt_player_1"":null,""prompt_player_2"":null}]",[]
1375,v1_0590,v1,truth,Voyage d'affaires,"Dans le fantasme d'un déplacement professionnel, qu'est-ce qui t'attire le plus : la chambre d'hôtel, le costume, le message envoyé depuis le bar, le retour tardif ou l'impression d'être ailleurs ?",1,2,1,3,null,null,true,[],[]
1376,v1_0591,v1,scene,La chambre 407,Vous jouez une rencontre dans une chambre d'hôtel après une journée de déplacement professionnel.,4,3,3,3,null,null,true,"[{""title"":""Fin de journée"",""prompt"":""L'un de vous joue la personne qui rentre d'un rendez-vous professionnel, encore en tenue habillée. L'autre l'attend dans la chambre."",""step_no"":1,""title_active"":null,""prompt_active"":null,""title_partner"":null,""prompt_partner"":null,""title_player_1"":null,""title_player_2"":null,""prompt_player_1"":null,""prompt_player_2"":null},{""title"":""Le verre avant tout"",""prompt"":""Prenez une minute pour parler comme si vous vous retrouviez après une journée séparés, sans contact autre qu'un baiser bref."",""step_no"":2,""title_active"":null,""prompt_active"":null,""title_partner"":null,""prompt_partner"":null,""title_player_1"":null,""title_player_2"":null,""prompt_player_1"":null,""prompt_player_2"":null},{""title"":""Enfin hors service"",""prompt"":""Celui qui revient retire lentement un élément de sa tenue tandis que l'autre choisit le suivant."",""step_no"":3,""title_active"":null,""prompt_active"":null,""title_partner"":null,""prompt_partner"":null,""title_player_1"":null,""title_player_2"":null,""prompt_player_1"":null,""prompt_player_2"":null},{""title"":""Do not disturb"",""prompt"":""Le rôle professionnel s'arrête là. Pendant deux minutes, celui qui attendait dans la chambre décide du rythme de la suite."",""step_no"":4,""title_active"":null,""prompt_active"":null,""title_partner"":null,""prompt_partner"":null,""title_player_1"":null,""title_player_2"":null,""prompt_player_1"":null,""prompt_player_2"":null}]",[]
1377,v1_0592,v1,truth,Le dîner qui dérape,"Pendant un dîner à deux, quel détail discret pourrait suffire à faire monter la tension sans que personne autour ne remarque quoi que ce soit ?",1,2,1,2,null,null,true,[],[]
1378,v1_0593,v1,action,Le message sous la table,"Imaginez que vous êtes au restaurant. Sans vous toucher, chacun écrit à l'autre un message très court décrivant ce qu'il aimerait faire une fois rentré. Lisez-les en gardant un visage parfaitement sérieux.",2,3,1,3,null,90,true,[],[]
1379,v1_0594,v1,action,L'addition peut attendre,"Jouez la fin d'un dîner. Pendant deux minutes, vous devez rester assis face à face et faire monter la tension uniquement avec les mots, les regards et des contacts discrets entre vous. Rien qui implique ou expose des tiers.",3,3,2,2,null,120,true,[],[]
1380,v1_0595,v1,action,Terrasse privée,"Si vous disposez d'une terrasse, d'un jardin ou d'un espace extérieur réellement privé, installez-vous dehors pendant deux minutes. Restez habillés et utilisez uniquement la proximité, les regards et les baisers pour faire monter la tension.",2,2,2,3,null,120,true,[],[]
1381,v1_0596,v1,scene,"Dehors, mais seuls",Une scène extérieure réservée à un lieu privé où aucun tiers ne peut être impliqué malgré lui.,4,3,3,3,null,null,true,"[{""title"":""Vérifiez le lieu"",""prompt"":""Utilisez uniquement un espace extérieur privé et non visible du public. Si ce n'est pas possible, jouez la scène à l'intérieur en l'imaginant."",""step_no"":1,""title_active"":null,""prompt_active"":null,""title_partner"":null,""prompt_partner"":null,""title_player_1"":null,""title_player_2"":null,""prompt_player_1"":null,""prompt_player_2"":null},{""title"":""L'air frais"",""prompt"":""Pendant une minute, restez proches sans aller plus loin que les baisers et les caresses autorisées par vos vêtements."",""step_no"":2,""title_active"":null,""prompt_active"":null,""title_partner"":null,""prompt_partner"":null,""title_player_1"":null,""title_player_2"":null,""prompt_player_1"":null,""prompt_player_2"":null},{""title"":""Un peu plus loin"",""prompt"":""{{partner}} choisit ce qui peut être retiré ou déplacé tout en maintenant une vraie intimité vis-à-vis de l'extérieur."",""step_no"":3,""title_active"":null,""prompt_active"":null,""title_partner"":null,""prompt_partner"":null,""title_player_1"":null,""title_player_2"":null,""prompt_player_1"":null,""prompt_player_2"":null},{""title"":""Retour à l'intérieur"",""prompt"":""Quand la tension est suffisante, rentrez ensemble et laissez celui qui a le plus attendu décider de la suite."",""step_no"":4,""title_active"":null,""prompt_active"":null,""title_partner"":null,""prompt_partner"":null,""title_player_1"":null,""title_player_2"":null,""prompt_player_1"":null,""prompt_player_2"":null}]",[]
1382,v1_0597,v1,truth,Autour de l'anulingus,"Pour toi, l'anulingus est plutôt un fantasme attirant, une curiosité à explorer très progressivement, quelque chose réservé à certaines conditions ou pas du tout ?",1,3,1,3,null,null,true,[],[]
1383,v1_0598,v1,action,Approche progressive,"Si vous êtes tous les deux à l'aise avec cette pratique et après une hygiène adaptée, {{active}} commence par des baisers et caresses autour de la zone, sans contact direct immédiat. {{partner}} indique clairement s'il souhaite rester là ou aller un peu plus loin.",3,3,3,2,null,90,true,[],[]
1384,v1_0599,v1,truth,Le rôle tarifé,"Dans un pur jeu de rôle entre vous, qu'est-ce qui t'attire éventuellement dans le scénario d'une rencontre tarifée : l'inconnu, la négociation, le personnage, le détachement ou le fait de jouer quelqu'un de complètement différent ?",1,3,1,3,null,null,true,[],[]
1385,v1_0600,v1,scene,La chambre payée,Un jeu de rôle entre partenaires adultes autour d'une rencontre tarifée fictive. Aucun argent réel ni tiers n'est impliqué.,3,3,2,3,null,null,true,"[{""title"":""Le personnage"",""prompt"":""Décidez qui joue le client et qui joue le personnage rencontré. Donnez-vous chacun un prénom fictif."",""step_no"":1,""title_active"":null,""prompt_active"":null,""title_partner"":null,""prompt_partner"":null,""title_player_1"":null,""title_player_2"":null,""prompt_player_1"":null,""prompt_player_2"":null},{""title"":""Les conditions"",""prompt"":""Le personnage rencontré énonce trois choses qu'il accepte dans la scène et une qu'il refuse. Le client peut poser une seule question."",""step_no"":2,""title_active"":null,""prompt_active"":null,""title_partner"":null,""prompt_partner"":null,""title_player_1"":null,""title_player_2"":null,""prompt_player_1"":null,""prompt_player_2"":null},{""title"":""Le prix fictif"",""prompt"":""Choisissez un prix imaginaire absurde ou symbolique. Une fois 'l'accord' conclu, restez encore trente secondes dans vos personnages sans vous toucher."",""step_no"":3,""title_active"":null,""prompt_active"":null,""title_partner"":null,""prompt_partner"":null,""title_player_1"":null,""title_player_2"":null,""prompt_player_1"":null,""prompt_player_2"":null},{""title"":""Fin du contrat"",""prompt"":""Le personnage rencontré décide du premier contact et peut interrompre le jeu de rôle à tout moment. Après deux minutes, revenez simplement à vous-mêmes."",""step_no"":4,""title_active"":null,""prompt_active"":null,""title_partner"":null,""prompt_partner"":null,""title_player_1"":null,""title_player_2"":null,""prompt_player_1"":null,""prompt_player_2"":null}]",[]